Updated On,State,Total Tested,Positive,Negative,Unconfirmed,Total People In Quarantine,Total People Released From Quarantine,Num Isolation Beds,Num ICU Beds,Num Ventilators,Num Calls State Helpline,Source,Source2,Test positivity rate,Tests per thousand,Tests per million,Population (Source: UIDAI),1000,1000000
17/04/2020,Andaman and Nicobar Islands,1403,12,1210,181,,,50,,,,https://t.me/indiacovid/2550,,0.86%,3.411317892,3411.317892,411278,,
24/04/2020,Andaman and Nicobar Islands,2679,27,,246,,,50,,,280,https://t.me/indiacovid/3147?single,,1.01%,6.513842219,6513.842219,,,
27/04/2020,Andaman and Nicobar Islands,2848,33,,106,,,50,,,298,https://t.me/indiacovid/3365?single,,,,,,,
02/04/2020,Andhra Pradesh,1800,132,1175,493,179,,23479,2680,330,,https://twitter.com/ArogyaAndhra/status/1245580598938198016?s=20,,7.33%,0.03371364763,33.71364763,53390841,,
10/04/2020,Andhra Pradesh,6374,365,6009,,,,,,,,http://hmfw.ap.gov.in/covid_dashboard.aspx,,5.73%,0.1193837722,119.3837722,,,
11/04/2020,Andhra Pradesh,6958,381,6577,,,,,,,,http://hmfw.ap.gov.in/covid_dashboard.aspx,,5.48%,0.1303219779,130.3219779,,,
12/04/2020,Andhra Pradesh,6958,405,6553,,,,,,,,http://hmfw.ap.gov.in/covid_dashboard.aspx,,5.82%,0.1303219779,130.3219779,,,
13/04/2020,Andhra Pradesh,8755,432,8323,,,,,,,,http://hmfw.ap.gov.in/covid_dashboard.aspx,,4.93%,0.1639794361,163.9794361,,,
14/04/2020,Andhra Pradesh,10505,473,10032,,,,,,,,http://hmfw.ap.gov.in/covid_dashboard.aspx,,4.50%,0.1967565935,196.7565935,,,
15/04/2020,Andhra Pradesh,11613,525,11088,,,,,,,,http://hmfw.ap.gov.in/covid_dashboard.aspx,,4.52%,0.2175092166,217.5092166,,,
16/04/2020,Andhra Pradesh,20235,534,19701,,,,,,,,http://hmfw.ap.gov.in/covid_dashboard.aspx,,2.64%,0.3789975887,378.9975887,,,
17/04/2020,Andhra Pradesh,20235,572,,,,,,,,,http://hmfw.ap.gov.in/covid_dashboard.aspx,https://t.me/indiacovid/2474,2.83%,0.3789975887,378.9975887,,,
18/04/2020,Andhra Pradesh,21450,603,20487,,,,,,,,http://hmfw.ap.gov.in/covid_dashboard.aspx,,2.81%,0.4017543009,401.7543009,,,
19/04/2020,Andhra Pradesh,26958,647,26311,,,,,,,,http://hmfw.ap.gov.in/covid_dashboard.aspx,,2.40%,0.5049180626,504.9180626,,,
20/04/2020,Andhra Pradesh,30733,722,30011,,,,,,,,http://hmfw.ap.gov.in/covid_dashboard.aspx,,2.35%,0.5756230736,575.6230736,,,
21/04/2020,Andhra Pradesh,35755,757,34998,,,,,,,,http://hmfw.ap.gov.in/covid_dashboard.aspx,,2.12%,0.6696841505,669.6841505,,,
22/04/2020,Andhra Pradesh,41512,813,40699,,,,,,,,http://hmfw.ap.gov.in/covid_dashboard.aspx,,1.96%,0.7775116335,777.5116335,,,
23/04/2020,Andhra Pradesh,48032,893,47139,,,,,,,,http://hmfw.ap.gov.in/covid_dashboard.aspx,,1.86%,0.8996299571,899.6299571,,,
24/04/2020,Andhra Pradesh,54338,955,53383,,,,,,,,http://hmfw.ap.gov.in/covid_dashboard.aspx,,1.76%,1.017740103,1017.740103,,,
25/04/2020,Andhra Pradesh,61266,1016,60250,,,,,,,,http://hmfw.ap.gov.in/covid_dashboard.aspx,,1.66%,1.147500186,1147.500186,,,
26/04/2020,Andhra Pradesh,68034,1097,66937,,,,,,,,http://hmfw.ap.gov.in/covid_dashboard.aspx,,1.61%,1.274263501,1274.263501,,,
27/04/2020,Andhra Pradesh,74551,1177,73374,,,,,,,,http://hmfw.ap.gov.in/covid_dashboard.aspx,,1.58%,1.396325636,1396.325636,,,
28/04/2020,Andhra Pradesh,80334,1259,79075,,,,,,,,http://hmfw.ap.gov.in/covid_dashboard.aspx,,1.57%,1.504640094,1504.640094,,,
29/04/2020,Andhra Pradesh,88061,1332,86729,,,,,,,,http://hmfw.ap.gov.in/covid_dashboard.aspx,,,,,,,
30/04/2020,Andhra Pradesh,,,,,,,,,,,,,,,,,,
09/04/2020,Arunachal Pradesh,206,1,185,20,,,,,,,https://twitter.com/PemaKhanduBJP/status/1248269356070363136?s=19,,0.49%,0.1330082594,133.0082594,1548776,,
14/04/2020,Arunachal Pradesh,280,1,250,29,,,,,,,https://twitter.com/PemaKhanduBJP/status/1249901653634867200,,0.36%,0.1807879254,180.7879254,,,
17/04/2020,Arunachal Pradesh,363,1,338,25,,,,,,,https://twitter.com/PemaKhanduBJP/status/1251136883045752834,,0.28%,0.2343786319,234.3786319,,,
18/04/2020,Arunachal Pradesh,389,1,358,31,,,,,,,https://twitter.com/PemaKhanduBJP/status/1251485238477221889,,0.26%,0.2511660821,251.1660821,,,
19/04/2020,Arunachal Pradesh,,,,,,,,,,,,,,0,0,,,
20/04/2020,Arunachal Pradesh,439,1,405,34,,,,,,,https://twitter.com/ANI/status/1252454869983608832?s=09,,0.23%,0.2834496402,283.4496402,,,
21/04/2020,Arunachal Pradesh,454,1,433,19,,,,,,,http://covid19.itanagarsmartcity.in/covidstatus.php,,0.22%,0.2931347077,293.1347077,,,
22/04/2020,Arunachal Pradesh,496,2,441,53,,,,,,,http://covid19.itanagarsmartcity.in/covidstatus.php,,0.40%,0.3202528965,320.2528965,,,
23/04/2020,Arunachal Pradesh,,,,,,,,,,,,,0.38%,0.3396230313,339.6230313,,,
24/04/2020,Arunachal Pradesh,526,2,508,16,,,,,,,http://covid19.itanagarsmartcity.in/covidstatus.php,,,0,0,,,
25/04/2020,Arunachal Pradesh,,,,,,,,,,,,,0.35%,0.3667412202,366.7412202,,,
26/04/2020,Arunachal Pradesh,568,2,529,37,,,,,,,http://covid19.itanagarsmartcity.in/covidstatus.php,,0.34%,0.3770719588,377.0719588,,,
27/04/2020,Arunachal Pradesh,584,2,566,16,,,,,,,http://covid19.itanagarsmartcity.in/covidstatus.php,,0.33%,0.393859409,393.859409,,,
28/04/2020,Arunachal Pradesh,610,2,581,27,,,,,,,http://covid19.itanagarsmartcity.in/covidstatus.php,,1.66%,0.6211356581,621.1356581,,,
29/04/2020,Arunachal Pradesh,,,,,,,,,,,,,,,,,,
30/04/2020,Arunachal Pradesh,,,,,,,,,,,,,,,,,,
02/04/2020,Assam,962,16,819,127,,,,,,,https://twitter.com/nhm_assam/status/1245742375319691264/photo/1,,1.66%,0.02742238659,27.42238659,35080827,,
05/04/2020,Assam,,,,,,,,,,,,,,0,0,,,
10/04/2020,Assam,2863,29,2685,,,,3212,440,240,9245,https://t.me/indiacovid/2003?single,,1.01%,0.08161153099,81.61153099,,,
11/04/2020,Assam,3011,29,2842,,,,3212,440,240,9514,https://t.me/indiacovid/2075?single,,0.96%,0.0858303597,85.8303597,,,
12/04/2020,Assam,3138,29,2973,194,,,3212,440,240,9845,https://t.me/indiacovid/2146?single,,0.92%,0.08945057082,89.45057082,,,
13/04/2020,Assam,,,,,,,,,,,,,,0,0,,,
14/04/2020,Assam,3491,31,3267,193,10022,,3212,440,240,10615,https://twitter.com/nhm_assam/status/1250104916535726081/photo/1,,0.89%,0.0995130474,99.5130474,,,
15/04/2020,Assam,3613,32,3492,89,,,3212,440,240,10915,https://twitter.com/nhm_assam/status/1250441490418950148/photo/1,https://twitter.com/nhm_assam/status/1250441490418950148/photo/2,0.89%,0.1029907305,102.9907305,,,
16/04/2020,Assam,4108,34,3803,,,,3338,440,303,11248,https://twitter.com/nhm_assam/status/1250836057853067264?s=20,,0.83%,0.1171010022,117.1010022,,,
17/04/2020,Assam,4236,34,4024,,,,3338,440,303,11561,https://twitter.com/nhm_assam/status/1251154796444184578,,0.80%,0.1207497189,120.7497189,,,
18/04/2020,Assam,4400,34,4199,,,,3338,440,303,11847,https://twitter.com/nhm_assam,,0.77%,0.1254246372,125.4246372,,,
19/04/2020,Assam,4865,34,4584,,,,3338,440,303,12148,https://twitter.com/nhm_assam/status/1251891980939825153/photo/1,,0.70%,0.1386797409,138.6797409,,,
20/04/2020,Assam,5112,34,4937,,,,3338,440,303,12478,https://twitter.com/nhm_assam/status/1252256054907461632,,0.67%,0.145720624,145.720624,,,
21/04/2020,Assam,5514,34,5245,,,,3338,440,303,12853,https://twitter.com/nhm_assam/status/1252591349670576128,,0.62%,0.1571798749,157.1798749,,,
22/04/2020,Assam,,,,,,,,,,,,,,0,0,,,
23/04/2020,Assam,,,,,,,,,,,,,,0,0,,,
24/04/2020,Assam,6680,35,6391,,,,3338,440,303,14478,https://twitter.com/nhm_assam/status/1253714714485538817,,0.52%,0.1904174038,190.4174038,,,
25/04/2020,Assam,7159,35,6781,,,,3338,440,303,14812,https://twitter.com/nhm_assam/status/1254067546023694337?s=19,,0.49%,0.2040715859,204.0715859,,,
26/04/2020,Assam,7823,35,7474,,,,3338,440,303,15418,https://twitter.com/nhm_assam/status/1254433067911036936/photo/1,,,,,,,
27/04/2020,Assam,8117,35,7985,,,,3338,440,303,15809,https://twitter.com/nhm_assam/status/1254813929898835979,,,,,,,
28/04/2020,Assam,,,,,,,,,,,,,,,,,,
05/04/2020,Bihar,3037,32,2299,706,,,,,,,https://twitter.com/sanjayjavin/status/1246667952054665216,,1.05%,0.02484111725,24.84111725,122256981,,
05/04/2020,Bihar,3037,32,2299,706,,,,,,,,,1.05%,0.02484111725,24.84111725,,,
08/04/2020,Bihar,4596,38,,465,,,,,,,https://twitter.com/sanjayjavin/status/1247762894063677440,,0.83%,0.03759294531,37.59294531,,,
09/04/2020,Bihar,4991,43,,394,,,,,,,https://twitter.com/BiharHealthDept/status/1248176830856626176/photo/1,,0.86%,0.04082384465,40.82384465,,,
10/04/2020,Bihar,5457,60,,673,,,,,,,https://twitter.com/BiharHealthDept/status/1248494623409885184/photo/1,,1.10%,0.04463548793,44.63548793,,,
11/04/2020,Bihar,6250,61,,,832,,2344,116,50,51075,https://twitter.com/BiharHealthDept/status/1248845966158905345?s=19,https://twitter.com/BiharHealthDept/status/1248964845371674625?s=09,0.98%,0.0511218251,51.1218251,,,
12/04/2020,Bihar,6703,64,,618,,,2344,116,50,,https://twitter.com/sanjayjavin/status/1249203228178296832?s=20,,0.95%,0.05482713498,54.82713498,,,
13/04/2020,Bihar,7263,65,,41,,,2344,116,50,,https://t.me/indiacovid/2178?single,,0.89%,0.05940765051,59.40765051,,,
14/04/2020,Bihar,7727,62,,472,,,2344,116,50,,https://twitter.com/sanjayjavin/status/1249928292519432192?s=09,,0.80%,0.06320293481,63.20293481,,,
15/04/2020,Bihar,8263,66,,565,,,2344,116,50,40380,https://twitter.com/sanjayjavin/status/1250296101350957058?s=09,https://twitter.com/SHSBihar/status/1250345699780096001?s=09,0.80%,0.06758714253,67.58714253,,,
16/04/2020,Bihar,8846,72,,607,,,2344,116,50,,https://twitter.com/BiharHealthDept/status/1250667064571785216?s=09,,0.81%,0.07235578637,72.35578637,,,
17/04/2020,Bihar,9486,83,,510,,,2344,116,50,,https://twitter.com/sanjayjavin/status/1251023696354881537,,0.87%,0.07759066126,77.59066126,,,
18/04/2020,Bihar,10130,85,,512,735,,2344,116,50,43152,https://twitter.com/BiharHealthDept/status/1251491112855973895,https://twitter.com/SHSBihar/status/1251437221179060224?s=09,0.84%,0.08285825412,82.85825412,,,
19/04/2020,Bihar,10745,92,,644,700,,2344,116,50,,https://t.me/indiacovid/2664?single,,0.86%,0.08788864171,87.88864171,,,
20/04/2020,Bihar,11319,96,,490,802,,2344,116,50,,https://twitter.com/BiharHealthDept/status/1252218091712524289,,0.85%,0.09258367013,92.58367013,,,
21/04/2020,Bihar,11999,115,,998,693,,2344,116,50,,https://twitter.com/BiharHealthDept/status/1252564363044704256,,0.96%,0.0981457247,98.1457247,,,
22/04/2020,Bihar,12978,136,,1005,748,,2344,116,50,,https://mobile.twitter.com/BiharHealthDept/status/1252933211488993280,,1.05%,0.1061534474,106.1534474,,,
23/04/2020,Bihar,13785,148,,1240,768,,2344,116,50,,https://twitter.com/BiharHealthDept/status/1253330396726480901?s=19,,1.07%,0.1127542974,112.7542974,,,
24/04/2020,Bihar,14924,176,,1000,,,2344,116,50,,https://twitter.com/sanjayjavin/status/1253554587811774465?s=19,https://twitter.com/BiharHealthDept/status/1254045733969330178,1.18%,0.1220707388,122.0707388,,,
25/04/2020,Bihar,15885,238,,898,1255,,2344,116,50,,https://t.me/indiacovid/3178,,1.50%,0.1299312307,129.9312307,,,
26/04/2020,Bihar,17041,255,,1018,1427,,2344,116,50,,https://twitter.com/BiharHealthDept/status/1254402408664363008?s=20,,1.50%,0.1393867234,139.3867234,,,
27/04/2020,Bihar,18179,328,,1656,1614,,2344,116,50,,https://twitter.com/BiharHealthDept/status/1254741773257248769,,1.80%,0.1486949854,148.6949854,,,
28/04/2020,Bihar,19790,346,,1884,,,,,,,https://twitter.com/BiharHealthDept/status/1255002059994210304,,1.75%,0.161872147,161.872147,,,
29/04/2020,Bihar,21468,366,,1948,,,,,,,https://twitter.com/BiharHealthDept/status/1255404184574332935/photo/1,,1.70%,0.1755973346,175.5973346,,,
30/04/2020,Bihar,,,,,,,,,,,,,,0,0,,,
02/04/2020,Chandigarh,124,18,98,8,,,,,,,http://chdcovid19.in/,,14.52%,0.1085359118,108.5359118,1142479,,
08/04/2020,Chandigarh,184,18,162,,,,,,,,http://chdcovid19.in/,,9.78%,0.1610532885,161.0532885,,,
10/04/2020,Chandigarh,223,19,199,4,,,,,,,http://chdcovid19.in/,,8.52%,0.1951895834,195.1895834,,,
11/04/2020,Chandigarh,264,19,223,21,,,,,,,http://chdcovid19.in,,7.20%,0.2310764574,231.0764574,,,
12/04/2020,Chandigarh,279,21,247,10,,,,,,,http://chdcovid19.in/,,7.53%,0.2442058016,244.2058016,,,
13/04/2020,Chandigarh,296,21,263,11,,,,,,,http://chdcovid19.in,,7.09%,0.259085725,259.085725,,,
14/04/2020,Chandigarh,309,21,285,2,,,,,,,http://chdcovid19.in,,6.80%,0.2704644899,270.4644899,,,
15/04/2020,Chandigarh,317,21,293,2,,,,,,,http://chdcovid19.in,,6.62%,0.2774668068,277.4668068,,,
16/04/2020,Chandigarh,337,21,315,0,,,,,,,https://twitter.com/ANI/status/1250765375874072578?s=09,,6.23%,0.2949725991,294.9725991,,,
17/04/2020,Chandigarh,358,21,335,1,,,,,,,http://chdcovid19.in/,,5.87%,0.3133536809,313.3536809,,,
18/04/2020,Chandigarh,381,23,348,9,,,,,,,http://chdcovid19.in/,,6.04%,0.333485342,333.485342,,,
19/04/2020,Chandigarh,430,26,388,15,,,,,,,http://chdcovid19.in/,,6.05%,0.3763745329,376.3745329,,,
20/04/2020,Chandigarh,453,26,417,9,,,,,,,http://chdcovid19.in/,,5.74%,0.396506194,396.506194,,,
21/04/2020,Chandigarh,497,27,445,24,,,,,,,https://twitter.com/ANI/status/1252589665518936064/photo/1,,5.43%,0.4350189369,435.0189369,,,
22/04/2020,Chandigarh,529,27,492,9,,,,,,,http://chdcovid19.in/,,5.10%,0.4630282045,463.0282045,,,
23/04/2020,Chandigarh,599,27,557,14,,,,,,,http://chdcovid19.in/,,4.51%,0.5242984773,524.2984773,,,
24/04/2020,Chandigarh,638,27,603,7,,,,,,,http://chdcovid19.in/,,4.23%,0.5584347721,558.4347721,,,
25/04/2020,Chandigarh,734,28,668,37,,,,,,,http://chdcovid19.in/,,3.81%,0.6424625748,642.4625748,,,
26/04/2020,Chandigarh,756,30,677,48,,,,,,,http://chdcovid19.in/,,3.97%,0.6617189463,661.7189463,,,
27/04/2020,Chandigarh,843,40,777,25,,,,,,,http://chdcovid19.in/,,4.74%,0.7378691425,737.8691425,,,
28/04/2020,Chandigarh,924,56,857,10,,,,,,,https://t.me/indiacovid/3457,,6.06%,0.808767601,808.767601,,,
29/04/2020,Chandigarh,1012,67,922,22,,,,,,,http://chdcovid19.in/,,6.62%,0.8857930868,885.7930868,,,
30/04/2020,Chandigarh,,,,,,,,,,,,,,0,0,,,
02/04/2020,Chhattisgarh,1232,9,921,302,,,,,,,http://www.cghealth.nic.in/cghealth17/,,0.73%,0.04249772222,42.49772222,28989789,,
10/04/2020,Chhattisgarh,3473,18,3322,133,,,,,,,http://cghealth.nic.in/cghealth17/Information/content/CORONA/MediaBulletinHINDI_10042020.pdf,,0.52%,0.119800803,119.800803,,,
11/04/2020,Chhattisgarh,3858,18,3503,337,,,,,,,http://cghealth.nic.in/cghealth17/Information/content/CORONA/RevisedMediaBulletinHINDI_11042020.pdf,,0.47%,0.1330813412,133.0813412,,,
12/04/2020,Chhattisgarh,3945,31,3856,58,,,,,,,http://cghealth.nic.in/cghealth17/,http://cghealth.nic.in/cghealth17/Information/content/CORONA/MediaBulletinHINDI_12042020.pdf,0.79%,0.1360823978,136.0823978,,,
13/04/2020,Chhattisgarh,4377,31,3969,377,,,,,,,http://cghealth.nic.in/cghealth17/Information/content/CORONA/MediaBulletinHINDI_13042020.pdf,,0.71%,0.1509841965,150.9841965,,,
14/04/2020,Chhattisgarh,4812,33,4319,469,,,,,,,http://cghealth.nic.in/cghealth17/Information/content/CORONA/MediaBulletinHINDI_14042020.pdf,,0.69%,0.16598948,165.98948,,,
15/04/2020,Chhattisgarh,5122,33,4878,211,,,,,,,http://cghealth.nic.in/cghealth17/Information/content/CORONA/MediaBulletinHINDI_15042020.pdf,,0.64%,0.1766829003,176.6829003,,,
16/04/2020,Chhattisgarh,5519,33,5168,318,,,,,,,http://cghealth.nic.in/cghealth17/Information/content/CORONA/MediaBulletinHINDI_16042020.pdf,,0.60%,0.1903773774,190.3773774,,,
17/04/2020,Chhattisgarh,5776,36,5484,256,,,,,,,http://cghealth.nic.in/cghealth17/Information/content/CORONA/MediaBulletinHINDI_18042020.pdf,,0.62%,0.1992425678,199.2425678,,,
18/04/2020,Chhattisgarh,5776,36,5484,256,,,,,,,http://cghealth.nic.in/cghealth17/Information/content/CORONA/mediaBulletinHindi_18042020.pdf,,0.62%,0.1992425678,199.2425678,,,
19/04/2020,Chhattisgarh,6675,36,6086,553,,,,,,,http://cghealth.nic.in/cghealth17/Information/content/CORONA/mediaBulletinHindi_19042020.pdf,,0.54%,0.2302534868,230.2534868,,,
20/04/2020,Chhattisgarh,7601,36,7029,536,,,,,,,http://cghealth.nic.in/cghealth17/Information/content/CORONA/MediaBulletinHindi_20042020.pdf,,0.47%,0.2621957683,262.1957683,,,
21/04/2020,Chhattisgarh,8272,36,7555,681,,,,,,,http://cghealth.nic.in/cghealth17/,,0.44%,0.2853418492,285.3418492,,,
22/04/2020,Chhattisgarh,9220,36,8296,888,,,,,,,http://cghealth.nic.in/cghealth17/,,0.39%,0.3180430185,318.0430185,,,
23/04/2020,Chhattisgarh,10346,36,9206,1104,,,,,,,http://cghealth.nic.in/cghealth17/Information/content/CORONA/MediaBulletinHindi_23042020.pdf,,0.35%,0.3568842809,356.8842809,,,
24/04/2020,Chhattisgarh,11386,36,10213,1137,,,,,,,http://cghealth.nic.in/cghealth17/Information/content/CORONA/MediaBulletin_24042020.pdf,,0.32%,0.3927589814,392.7589814,,,
25/04/2020,Chhattisgarh,12596,37,11168,1391,,,,,,,http://cghealth.nic.in/cghealth17/Information/content/CORONA/MediaBulletinHindi_25042020.pdf,,0.29%,0.4344978158,434.4978158,,,
26/04/2020,Chhattisgarh,13786,37,12406,1343,,,,,,,https://t.me/indiacovid/3300?single,,0.27%,0.475546752,475.546752,,,
27/04/2020,Chhattisgarh,14987,37,13882,1068,,,,,,,http://cghealth.nic.in/cghealth17/Information/content/CORONA/MediaBulletinHindi_27042020.pdf,,0.25%,0.5169751322,516.9751322,,,
28/04/2020,Chhattisgarh,,,,,,,,,,,,,,0,0,,,
29/04/2020,Chhattisgarh,,,,,,,,,,,,,,0,0,,,
01/04/2020,Delhi,2621,,,2621,,,,,,,http://health.delhigovt.nic.in/wps/wcm/connect/068e55804dc3527fb23cf7982ee7a5c7/HB01A.pdf?MOD=AJPERES&lmod=908572962&CACHEID=068e55804dc3527fb23cf7982ee7a5c7,,0.00%,0.141689523,141.689523,18498192,,
07/04/2020,Delhi,9041,576,7308,1157,3120,,,,,,http://health.delhigovt.nic.in/wps/wcm/connect/ed4d3d804dd60b488b60ff982ee7a5c7/HB07A.pdf?MOD=AJPERES&lmod=1435478287&CACHEID=ed4d3d804dd60b488b60ff982ee7a5c7,,6.37%,0.4887504682,488.7504682,,,
09/04/2020,Delhi,9968,720,8643,605,2664,,,,,,http://health.delhigovt.nic.in/wps/wcm/connect/doit_health/Health/Home/Covid19/Health+Bulletin,http://health.delhigovt.nic.in/wps/wcm/connect/22522a804ddd430195f5f7d194e333e1/HB09A.pdf,7.22%,0.5388634738,538.8634738,,,
10/04/2020,Delhi,11061,903,9662,496,,,,,,,https://twitter.com/CMODelhi/status/1248629695614046209?s=09,,8.16%,0.5979503294,597.9503294,,,
11/04/2020,Delhi,11709,1069,10218,464,,,,,,,https://twitter.com/CMODelhi/status/1248998630888845313?s=19,,9.13%,0.63298078,632.98078,,,
12/04/2020,Delhi,14036,1154,11748,984,,,,,,,https://twitter.com/CMODelhi/status/1249350539973812224,,8.22%,0.7587768578,758.7768578,,,
13/04/2020,Delhi,15032,1510,12283,1008,,,,,,,https://twitter.com/CMODelhi/status/1249744159491031047/photo/2,,10.05%,0.8126199577,812.6199577,,,
14/04/2020,Delhi,16282,1561,13748,715,,,,,,,https://twitter.com/CMODelhi/status/1250087698011803648/photo/2,,9.59%,0.8801941292,880.1941292,,,
15/04/2020,Delhi,16605,1578,13865,956,,,,,,,https://twitter.com/CMODelhi/status/1250468383868350469?s=19,,9.50%,0.8976552952,897.6552952,,,
16/04/2020,Delhi,18784,1640,14692,2251,,,,,,,https://twitter.com/CMODelhi/status/1250830372830470145?s=20,,8.73%,1.015450591,1015.450591,,,
17/04/2020,Delhi,21409,1707,16899,2674,,,,,,,https://twitter.com/CMODelhi/status/1251190807106777089/photo/2,,7.97%,1.157356351,1157.356351,,,
18/04/2020,Delhi,22283,1893,17449,2799,,,,,,,https://twitter.com/CMODelhi/status/1251559869494198282?s=19,,8.50%,1.204604212,1204.604212,,,
19/04/2020,Delhi,24387,2003,19393,2872,,,,,,,https://twitter.com/CMODelhi/status/1251923081699811328?s=09,,8.21%,1.318345058,1318.345058,,,
20/04/2020,Delhi,25900,2081,20712,2711,,,,,,,https://twitter.com/CMODelhi/status/1252276384166100994/photo/2,,8.03%,1.400136835,1400.136835,,,
21/04/2020,Delhi,26627,2156,21810,2354,,,,,,,https://twitter.com/CMODelhi/status/1252608476578078721/photo/2,,8.10%,1.439437973,1439.437973,,,
22/04/2020,Delhi,28309,2248,22713,3018,,,,,,,https://twitter.com/CMODelhi/status/1252978551088984066/photo/2,,7.94%,1.530365778,1530.365778,,,
23/04/2020,Delhi,30560,2375,24538,3068,,,,,,,https://twitter.com/CMODelhi/status/1253345233498226689?s=19,,7.77%,1.652053347,1652.053347,,,
24/04/2020,Delhi,33672,2514,26552,4128,,,,,,,https://twitter.com/CMODelhi/status/1253715491987664897/photo/2,,7.47%,1.820286004,1820.286004,,,
25/04/2020,Delhi,35519,2625,28693,3709,,,,,,,https://twitter.com/CMODelhi/status/1254081976631545856?s=20,,7.39%,1.9201336,1920.1336,,,
26/04/2020,Delhi,37613,2918,31919,2533,,,,,,,https://twitter.com/CMODelhi/status/1254453744063754240?s=09,,7.76%,2.033333852,2033.333852,,,
27/04/2020,Delhi,39911,3108,34145,2401,,,,,,,https://twitter.com/CMODelhi/status/1254813927067668480/photo/2,,7.79%,2.157562209,2157.562209,,,
28/04/2020,Delhi,43370,3314,36195,3295,,,,,,,https://twitter.com/CMODelhi/status/1255176666017492995/photo/2,,7.64%,2.344553457,2344.553457,,,
29/04/2020,Delhi,,,,,,,,,,,,,,0,0,,,
02/04/2020,Goa,220,5,197,18,,,,,,,https://www.goa.gov.in/wp-content/uploads/2020/04/Media-Bulletin-02.04.2020.pdf,,2.27%,0.1406335798,140.6335798,1564349,,
09/04/2020,Goa,344,7,,,,,,,,,https://twitter.com/dip_goa/status/1248237654258352129?s=09,,2.03%,0.2198997794,219.8997794,,,
10/04/2020,Goa,354,7,,,,,,,,,https://twitter.com/DHS_Goa/status/1248609175241764872/photo/1,,1.98%,0.2262922148,226.2922148,,,
11/04/2020,Goa,,,,,,,,,,,,,,0,0,,,
12/04/2020,Goa,406,7,,,141,,,,,,https://twitter.com/DHS_Goa/status/1249332036751347713,,1.72%,0.2595328792,259.5328792,,,
13/04/2020,Goa,440,7,,,,,,,,,https://t.me/indiacovid/2180,,1.59%,0.2812671597,281.2671597,,,
14/04/2020,Goa,479,7,,,,,,,,,https://t.me/indiacovid/2280,,1.46%,0.3061976579,306.1976579,,,
15/04/2020,Goa,556,7,,,,,,,,,https://twitter.com/DHS_Goa/status/1250412621158690818?s=19,,1.26%,0.3554194109,355.4194109,,,
16/04/2020,Goa,611,7,,,,,,,,,https://twitter.com/DHS_Goa/status/1250772892956028930?s=19,,1.15%,0.3905778058,390.5778058,,,
17/04/2020,Goa,673,7,,,,,,,,,https://twitter.com/DHS_Goa/status/1251147496824303620,,1.04%,0.4302109056,430.2109056,,,
18/04/2020,Goa,758,7,,,,,,,,,https://twitter.com/DHS_Goa/status/1251500960444104704,,0.92%,0.4845466069,484.5466069,,,
19/04/2020,Goa,826,7,,,,,,,,,https://twitter.com/DHS_Goa/status/1251858305669980160,,0.85%,0.528015168,528.015168,,,
20/04/2020,Goa,901,7,,,,,,,,,https://twitter.com/DHS_Goa/status/1252228312107118593,,0.78%,0.5759584338,575.9584338,,,
21/04/2020,Goa,1004,7,,,,,,,,,https://twitter.com/DHS_Goa/status/1252606575077847040,,0.70%,0.6418005189,641.8005189,,,
22/04/2020,Goa,1116,7,,,,,,,,,https://twitter.com/DHS_Goa/status/1253201084950016000?s=19,,0.63%,0.713395796,713.395796,,,
23/04/2020,Goa,1206,7,,,,,,,,,https://twitter.com/DHS_Goa/status/1253330859903479814,,0.58%,0.770927715,770.927715,,,
24/04/2020,Goa,,,,,,,,,,,,,,0,0,,,
27/04/2020,Goa,1541,7,,,316,,,,,,https://nhm.goa.gov.in/,,0.45%,0.9850743025,985.0743025,,,
28/04/2020,Goa,1776,7,,,330,,,,,,https://twitter.com/DHS_Goa/status/1255132758822678530?s=19,,,1.135296535,1135.296535,,,
29/04/2020,Goa,,,,,,,,,,,,,,,,,,
30/04/2020,Goa,,,,,,,,,,,,,,,,,,
08/04/2020,Gujarat,4224,186,3905,133,12299,,,,1761,,https://t.me/indiacovid/1850?single,,4.40%,0.06518327294,65.18327294,64801901,,
09/04/2020,Gujarat,,,,,,,,,,,https://gujcovid19.gujarat.gov.in/uploads/pressbrief0904092020080952519.pdf,,,0,0,,,
10/04/2020,Gujarat,7718,378,7237,103,,,,,,,https://t.me/indiacovid/1994?single,,4.90%,0.1191014443,119.1014443,,,
11/04/2020,Gujarat,9763,468,8888,407,12042,,,,,,https://gujcovid19.gujarat.gov.in/,,4.79%,0.1506591604,150.6591604,,,
12/04/2020,Gujarat,11715,516,10867,332,14013,,,,,,https://gujcovid19.gujarat.gov.in/uploads/pressbrief1204122020080245240.pdf,https://gujcovid19.gujarat.gov.in/,4.40%,0.1807817335,180.7817335,,,
13/04/2020,Gujarat,14251,572,12970,709,14,14204,,,,,https://gujcovid19.gujarat.gov.in/,https://gujcovid19.gujarat.gov.in/uploads/pressbrief1304132020080356644.pdf,4.01%,0.2199163879,219.9163879,,,
14/04/2020,Gujarat,14980,617,14363,,,,,,,41112,https://gujcovid19.gujarat.gov.in/,https://gujcovid19.gujarat.gov.in/uploads/pressbrief1404142020112010574.pdf,4.12%,0.2311660579,231.1660579,,,
15/04/2020,Gujarat,19197,766,18431,0,15147,,,,,,https://t.me/indiacovid/2364?single,,3.99%,0.2962413093,296.2413093,,,
16/04/2020,Gujarat,20903,929,19974,0,14906,,,,,,https://gujcovid19.gujarat.gov.in/uploads/pressbrief1604162020113223580.pdf,,4.44%,0.3225676975,322.5676975,,,
17/04/2020,Gujarat,23483,1099,22339,45,15914,,,,,,https://gujcovid19.gujarat.gov.in/uploads/pressbrief1704172020075526411.pdf,,4.68%,0.3623813443,362.3813443,,,
18/04/2020,Gujarat,26102,1376,24726,0,16925,,,,,,https://twitter.com/PIBAhmedabad/status/1251515915323289601,,5.27%,0.4027968254,402.7968254,,,
19/04/2020,Gujarat,29104,1743,27361,0,18540,,,,,,https://gujcovid19.gujarat.gov.in/uploads/pressbrief1904192020081511588.pdf,,5.99%,0.4491226268,449.1226268,,,
20/04/2020,Gujarat,33316,1939,31377,0,23749,,,,,,https://gujcovid19.gujarat.gov.in/uploads/pressbrief2004202020085436665.pdf,,5.82%,0.51412072,514.12072,,,
21/04/2020,Gujarat,36829,2178,34651,0,30354,,,,,,https://gujcovid19.gujarat.gov.in/uploads/pressbrief2104212020084254089.pdf,,5.91%,0.5683320926,568.3320926,,,
22/04/2020,Gujarat,39421,2407,37014,0,32317,,,,,,https://gujcovid19.gujarat.gov.in/uploads/pressbrief2204222020082020535.pdf,https://gujcovid19.gujarat.gov.in/,6.11%,0.6083309192,608.3309192,,,
23/04/2020,Gujarat,42384,2624,39760,0,34409,,,,28,53060,https://gujcovid19.gujarat.gov.in/uploads/pressbrief2304232020085856435.pdf,,6.19%,0.6540548864,654.0548864,,,
24/04/2020,Gujarat,46743,2815,41007,2921,33734,,,,,54151,https://gujcovid19.gujarat.gov.in/,,6.02%,0.7213214316,721.3214316,,,
25/04/2020,Gujarat,48315,3061,45254,0,36730,,,,30,55188,https://gujcovid19.gujarat.gov.in/uploads/pressbrief2504252020100330249.pdf,,6.34%,0.7455799792,745.5799792,,,
26/04/2020,Gujarat,51091,3301,47790,0,39535,,,,27,56269,https://gujcovid19.gujarat.gov.in/uploads/pressbrief2604262020085308375.pdf,,6.46%,0.7884182287,788.4182287,,,
27/04/2020,Gujarat,53575,3547,50028,0,40851,,,,,,https://gujcovid19.gujarat.gov.in/uploads/pressbrief2704272020081006359.pdf,,6.62%,0.8267504375,826.7504375,,,
28/04/2020,Gujarat,56101,3774,52327,0,41417,,,,,58828,https://gujcovid19.gujarat.gov.in/uploads/pressbrief2804282020081458432.pdf,,6.73%,0.8657307754,865.7307754,,,
29/04/2020,Gujarat,,,,,,,,,,,,,,0,0,,,
03/04/2020,Haryana,1325,44,938,343,,,,,,,http://www.nhmharyana.gov.in/WriteReadData/userfiles/file/CoronaVirus/BULLETIN%20EVENING03042020.pdf,,3.32%,0.04767327265,47.67327265,27793351,,
07/04/2020,Haryana,2520,141,1821,558,687,,,,,,http://www.nhmharyana.gov.in/WriteReadData/userfiles/file/CoronaVirus/bulletin%2008042020Morning.pdf,,5.60%,0.0906691676,90.6691676,,,
08/04/2020,Haryana,2650,153,1885,612,545,,8649,,,,http://www.nhmharyana.gov.in/WriteReadData/userfiles/file/CoronaVirus/bulletin%2008042020%20evening.pdf,,5.77%,0.09534654529,95.34654529,,,
09/04/2020,Haryana,2964,156,2017,719,799,,,,,,http://www.nhmharyana.gov.in/WriteReadData/userfiles/file/CoronaVirus/bulletin%2009042020evening.pdf,,5.26%,0.1066442114,106.6442114,,,
10/04/2020,Haryana,3527,162,2447,918,914,,,,,,http://www.nhmharyana.gov.in/WriteReadData/userfiles/file/CoronaVirus/bulletin%2010042020%20evening.pdf,,4.59%,0.1269008548,126.9008548,,,
11/04/2020,Haryana,3663,165,2472,1026,,,,,,,https://t.me/indiacovid/2051,,4.50%,0.1317941115,131.7941115,,,
12/04/2020,Haryana,3903,181,2513,1209,,,,,,,http://www.nhmharyana.gov.in/WriteReadData/userfiles/file/CoronaVirus/Bulletin12042020%20evening.pdf,,4.64%,0.1404292703,140.4292703,,,
13/04/2020,Haryana,4489,182,2961,1346,,,,,,,http://www.nhmharyana.gov.in/WriteReadData/userfiles/file/CoronaVirus/bulletin%201342020%20Evening.pdf,http://www.nhmharyana.gov.in/page.aspx?id=208,4.05%,0.1615134497,161.5134497,,,
14/04/2020,Haryana,5210,184,3681,1345,,,,,,,http://www.nrhmhp.gov.in/,http://www.nhmharyana.gov.in/page.aspx?id=208,3.53%,0.187454906,187.454906,,,
15/04/2020,Haryana,7388,190,5581,1617,,,,,,,http://www.nhmharyana.gov.in/WriteReadData/userfiles/file/CoronaVirus/Bulletin%20date%2015042020evening.pdf,,2.57%,0.2658189723,265.8189723,,,
16/04/2020,Haryana,8064,214,6465,1408,,,,,,,http://www.nhmharyana.gov.in/WriteReadData/userfiles/file/CoronaVirus/Bulletin%2016-04-2020%20Evening.pdf,,2.65%,0.2901413363,290.1413363,,,
17/04/2020,Haryana,8884,223,7148,1527,,,,,,,http://www.nhmharyana.gov.in/WriteReadData/userfiles/file/CoronaVirus/Bulletin17_04_2020_Evening.pdf,,2.51%,0.3196447956,319.6447956,,,
18/04/2020,Haryana,10454,232,8093,2143,,,,,,,http://www.nhmharyana.gov.in/WriteReadData/userfiles/file/CoronaVirus/Bulletin%20-Morning-%2018-04-2020.pdfhttp://www.nhmharyana.gov.in/WriteReadData/userfiles/file/CoronaVirus/Bulletin%20Evening%2018-04-2020.pdf,,2.22%,0.3761331262,376.1331262,,,
19/04/2020,Haryana,12687,250,10230,2221,,,,,,,http://www.nhmharyana.gov.in/WriteReadData/userfiles/file/CoronaVirus/Media%20Bulletin%2019th%20Aprilevening.pdf,,1.97%,0.4564760831,456.4760831,,,
20/04/2020,Haryana,13894,251,11523,2134,,,,,,,http://www.nhmharyana.gov.in/WriteReadData/userfiles/file/CoronaVirus/Evening%20Bulletin%2020-04-2020.pdf,,1.81%,0.499903736,499.903736,,,
21/04/2020,Haryana,14562,255,12253,2068,,,,,,,http://www.nhmharyana.gov.in/WriteReadData/userfiles/file/CoronaVirus/Evening%20Bulletin%2021-04-2020.pdf,,1.75%,0.5239382613,523.9382613,,,
22/04/2020,Haryana,15561,264,13397,1914,,,,,,,http://www.nhmharyana.gov.in/WriteReadData/userfiles/file/CoronaVirus/Evening%20Bulletin%2022-04-2020.pdf,,1.70%,0.5598821099,559.8821099,,,
23/04/2020,Haryana,17582,270,15452,1860,,,,,,,http://www.nhmharyana.gov.in/WriteReadData/userfiles/file/CoronaVirus/Evening%20Bulletin%2023-04-2020.pdf,,1.54%,0.6325973432,632.5973432,,,
24/04/2020,Haryana,18845,275,16642,1928,,,,,,,http://www.nhmharyana.gov.in/WriteReadData/userfiles/file/CoronaVirus/Evening%20Bulletin%2024-04-2020.pdf,,1.46%,0.6780398664,678.0398664,,,
25/04/2020,Haryana,20270,287,17787,2196,,,,,,,http://www.nhmharyana.gov.in/WriteReadData/userfiles/file/CoronaVirus/Evening%20Bulletin%2025-04-2020.pdf,,1.42%,0.7293111219,729.3111219,,,
26/04/2020,Haryana,21467,296,19241,1930,,,,,,,http://www.nhmharyana.gov.in/WriteReadData/userfiles/file/CoronaVirus/Evening%20Bulletin%2026-04-2020.pdf,,1.38%,0.7723789765,772.3789765,,,
27/04/2020,Haryana,22993,301,20702,1990,,,,,,,http://www.nhmharyana.gov.in/WriteReadData/userfiles/file/CoronaVirus/Evening%20Bulletin%2027-04-2020.pdf,,1.31%,0.8272841947,827.2841947,,,
28/04/2020,Haryana,24826,308,22578,1940,,,,,,,http://www.nhmharyana.gov.in/WriteReadData/userfiles/file/CoronaVirus/Evening%20Bulletin%20%2028-04-2020.pdf,,,0.8932352202,893.2352202,,,
29/04/2020,Haryana,25527,308,23368,1851,,,,,,,http://www.nhmharyana.gov.in/WriteReadData/userfiles/file/CoronaVirus/Morning%20Bulletin%2029-04-2020.pdf,,,0.9184570799,918.4570799,,,
10/04/2020,Himachal Pradesh,900,30,870,,,,,,,,https://twitter.com/nhm_hp/status/1248648731374714880,,3.33%,0.121884794,121.884794,7384022,,
11/04/2020,Himachal Pradesh,900,30,870,0,,,,,,,http://www.nrhmhp.gov.in/,,3.33%,0.121884794,121.884794,,,
12/04/2020,Himachal Pradesh,1113,32,944,137,,,,,,,https://twitter.com/nhm_hp/status/1249299563308974085?s=09,,2.88%,0.1507308619,150.7308619,,,
13/04/2020,Himachal Pradesh,1210,32,1109,69,,,,,,,https://twitter.com/ANI/status/1249664611621703680?s=09,,2.64%,0.1638673341,163.8673341,,,
14/04/2020,Himachal Pradesh,1311,32,1232,47,,,,,,,https://twitter.com/nhm_hp/status/1250095208496132096/photo/1,,2.44%,0.1775455165,177.5455165,,,
15/04/2020,Himachal Pradesh,1426,35,1391,0,,,,,,,https://twitter.com/nhm_hp/status/1250447162388824064?s=19,,2.45%,0.1931196846,193.1196846,,,
16/04/2020,Himachal Pradesh,1604,35,1559,10,,,,,,,https://twitter.com/nhm_hp/status/1250826722766761986?s=09,,2.18%,0.2172257883,217.2257883,,,
17/04/2020,Himachal Pradesh,1992,36,1740,216,,,,,,,https://twitter.com/nhm_hp/status/1251189060976037890/photo/1,,1.81%,0.2697716773,269.7716773,,,
18/04/2020,Himachal Pradesh,2207,39,2091,77,,,,,,,https://twitter.com/nhm_hp/status/1251554269267779584?s=19,,1.77%,0.2988886003,298.8886003,,,
19/04/2020,Himachal Pradesh,2553,39,2337,177,,,,,,,https://twitter.com/nhm_hp/status/1251902095738810368?s=19,,1.53%,0.3457465322,345.7465322,,,
20/04/2020,Himachal Pradesh,2892,39,2714,139,,,,,,,https://twitter.com/nhm_hp/status/1252268502104313856/photo/1,,1.35%,0.3916564712,391.6564712,,,
21/04/2020,Himachal Pradesh,3341,39,2933,369,,,,,,,https://twitter.com/nhm_hp/status/1252581823864946690,,1.17%,0.4524634407,452.4634407,,,
22/04/2020,Himachal Pradesh,3700,39,3510,151,,,,,,,https://twitter.com/nhm_hp/status/1253011070173798402?s=09,,1.05%,0.5010819307,501.0819307,,,
23/04/2020,Himachal Pradesh,4020,40,3943,37,,,,,,,https://twitter.com/nhm_hp/status/1253364412880019456?s=19,,1.00%,0.5444187463,544.4187463,,,
24/04/2020,Himachal Pradesh,4328,40,4160,128,,,,,,,https://twitter.com/nhm_hp/status/1253724575323557890,,0.92%,0.5861304314,586.1304314,,,
25/04/2020,Himachal Pradesh,4623,40,4363,220,,,,,,,https://twitter.com/nhm_hp/status/1254028713022406657,,0.87%,0.6260815583,626.0815583,,,
26/04/2020,Himachal Pradesh,4901,40,4794,67,,,,,,,https://twitter.com/nhm_hp/status/1254445018900836353?s=19,,0.82%,0.6637304168,663.7304168,,,
27/04/2020,Himachal Pradesh,5106,40,5022,44,,,,,,,https://twitter.com/nhm_hp/status/1254806333687242755,,0.78%,0.6914930643,691.4930643,,,
28/04/2020,Himachal Pradesh,5391,40,5344,7,,,,,,,https://twitter.com/nhm_hp/status/1255171851342544898?s=19,,,0.7300899158,730.0899158,,,
29/04/2020,Himachal Pradesh,,,,,,,,,,,,,,0,0,,,
05/04/2020,Jammu and Kashmir,1551,106,1429,16,,,,,,,https://twitter.com/diprjk/status/1246764514135040000,,6.83%,0.1151591888,115.1591888,13468313,,
10/04/2020,Jammu and Kashmir,2961,207,2754,,415,,,,,,https://twitter.com/diprjk/status/1248598584380887042/photo/1,,6.99%,0.2198493605,219.8493605,,,
11/04/2020,Jammu and Kashmir,3206,224,2982,,422,,,,,,https://twitter.com/diprjk/status/1248973710284820486?s=19,,6.99%,0.2380402059,238.0402059,,,
12/04/2020,Jammu and Kashmir,3600,245,3355,,433,,,,,,https://twitter.com/diprjk/status/1249325016266637313,https://twitter.com/diprjk,6.81%,0.2672940553,267.2940553,,,
13/04/2020,Jammu and Kashmir,4065,270,3795,,354,,,,,,https://twitter.com/diprjk/status/1249691818737844224,,6.64%,0.3018195375,301.8195375,,,
14/04/2020,Jammu and Kashmir,4619,278,4341,,365,,,,,,https://twitter.com/diprjk/status/1250065146074071041/photo/2,,6.02%,0.3429531226,342.9531226,,,
15/04/2020,Jammu and Kashmir,5171,300,4871,,270,,,,,,https://twitter.com/diprjk/status/1250429960319152128?s=19,,5.80%,0.3839382111,383.9382111,,,
16/04/2020,Jammu and Kashmir,5680,314,5366,,265,,,,,,https://mobile.twitter.com/diprjk/status/1250767946072199168/photo/2,,5.53%,0.4217306206,421.7306206,,,
17/04/2020,Jammu and Kashmir,6438,328,6110,,260,,,,,,https://mobile.twitter.com/diprjk/status/1251154157924282371/photo/2,,5.09%,0.4780108689,478.0108689,,,
18/04/2020,Jammu and Kashmir,6937,341,6596,,252,,,,,,https://twitter.com/diprjk/status/1251512200130228233,,4.92%,0.5150607949,515.0607949,,,
19/04/2020,Jammu and Kashmir,7895,350,7545,,264,,,,,,https://twitter.com/diprjk/status/1251889101550174209?s=19,,4.43%,0.586190713,586.190713,,,
20/04/2020,Jammu and Kashmir,8612,368,8244,,229,,,,,,https://twitter.com/diprjk/status/1252217115072839682/photo/2,,4.27%,0.639426779,639.426779,,,
21/04/2020,Jammu and Kashmir,9220,380,8840,,248,,,,,,https://twitter.com/diprjk/status/1252595792776294400,,4.12%,0.684569775,684.569775,,,
22/04/2020,Jammu and Kashmir,10039,407,9632,,252,,,,,,https://twitter.com/diprjk/status/1252948284328431618/photo/2,,4.05%,0.7453791726,745.3791726,,,
23/04/2020,Jammu and Kashmir,10977,427,10550,,279,,,,,,https://twitter.com/diprjk/status/1253301875320909824/photo/2,,3.89%,0.8150241237,815.0241237,,,
24/04/2020,Jammu and Kashmir,11764,454,11310,,260,,,,,,https://twitter.com/diprjk/status/1253683232073080832,,3.86%,0.8734575741,873.4575741,,,
25/04/2020,Jammu and Kashmir,12835,494,12341,,263,,,,,,https://twitter.com/diprjk/status/1254041627196297217,,3.85%,0.9529775555,952.9775555,,,
26/04/2020,Jammu and Kashmir,13959,523,13436,,258,,,,,,https://twitter.com/diprjk/status/1254371474212884485/photo/2,,3.75%,1.036432699,1036.432699,,,
27/04/2020,Jammu and Kashmir,14988,546,14442,,259,,,,,,https://twitter.com/diprjk/status/1254769375883620353,,3.64%,1.11283425,1112.83425,,,
28/04/2020,Jammu and Kashmir,16619,565,16054,,255,,,,,,https://twitter.com/diprjk/status/1255107665719472133?s=19,,3.40%,1.233933307,1233.933307,,,
29/04/2020,Jammu and Kashmir,,,,,,,,,,,,,,0,0,,,
10/04/2020,Jharkhand,1340,14,1326,,,,2891,239,,,https://twitter.com/BannaGupta76/status/1248679134676443136,,1.04%,0.03532460598,35.32460598,37933898,,
11/04/2020,Jharkhand,1546,17,1529,366,,,2891,239,,,https://twitter.com/BannaGupta76/status/1249017689827205121?s=20,,1.10%,0.0407551051,40.7551051,,,
12/04/2020,Jharkhand,1683,17,1666,434,,,2891,239,,,https://twitter.com/RanchiPIB/status/1249357914571038724,,1.01%,0.04436665064,44.36665064,,,
13/04/2020,Jharkhand,1982,19,1963,541,,,2891,239,,,https://twitter.com/RanchiPIB/status/1249748332857053186?s=20,,0.96%,0.05224878287,52.24878287,,,
14/04/2020,Jharkhand,2334,27,2307,451,,,2891,239,,,https://mobile.twitter.com/FobGumla/status/1250155260691144704/photo/1,,1.16%,0.06152808235,61.52808235,,,
15/04/2020,Jharkhand,,,,,,,,,,,,,,0,0,,,
16/04/2020,Jharkhand,,,,,,,,,,,,,,0,0,,,
17/04/2020,Jharkhand,3143,32,3111,,,,2891,239,,,https://mobile.twitter.com/FobGumla/status/1251192890342158338,,1.02%,0.08285465417,82.85465417,,,
18/04/2020,Jharkhand,3431,33,3398,,,,2891,239,,,https://twitter.com/FobGumla/status/1251564826863628289?s=09,,0.96%,0.09044680829,90.44680829,,,
19/04/2020,Jharkhand,3646,38,3608,,,,2891,239,,,https://mobile.twitter.com/FobGumla/status/1251922007429492736,,1.04%,0.09611456223,96.11456223,,,
20/04/2020,Jharkhand,4235,45,4190,,,,2891,239,,,https://mobile.twitter.com/RanchiPIB/status/1252286622701219840,,1.06%,0.1116415719,111.6415719,,,
21/04/2020,Jharkhand,,,,,,,,,,,,,,0,0,,,
22/04/2020,Jharkhand,5176,49,5127,,,,2891,239,,,https://twitter.com/RanchiPIB/status/1253147423527993345?s=09,,0.95%,0.136447881,136.447881,,,
23/04/2020,Jharkhand,5380,53,5327,,,,,,,,https://twitter.com/FobGumla/status/1253342601530368001?s=09,,0.99%,0.1418256568,141.8256568,,,
24/04/2020,Jharkhand,6162,57,6105,,,,,,,,https://twitter.com/FobGumla/status/1253727385851015170/photo/1,,0.93%,0.1624404642,162.4404642,,,
25/04/2020,Jharkhand,6970,67,6903,,,,,,,,https://twitter.com/FobGumla/status/1254135906212012034,,0.96%,0.1837406744,183.7406744,,,
26/04/2020,Jharkhand,7806,82,7724,,,,,,,,https://twitter.com/FobGumla/status/1254496811949023232?s=19,,1.05%,0.2057790106,205.7790106,,,
27/04/2020,Jharkhand,8757,103,8654,,,,,,,,https://twitter.com/RanchiPIB/status/1254812298784342018?s=19,,1.18%,0.2308489362,230.8489362,,,
28/04/2020,Jharkhand,9408,105,9303,,,,,,,,https://twitter.com/RanchiPIB/status/1255181900785696769?s=19,,1.12%,,,,,
03/04/2020,Karnataka,4587,128,4281,178,219,,,,,,https://karunadu.karnataka.gov.in/hfw/kannada/nCovDocs/03-04-2020(English).pdf,,2.79%,0.06863253365,68.63253365,66834193,,
07/04/2020,Karnataka,6580,175,5942,,,,1540,250,130,,https://karunadu.karnataka.gov.in/hfw/kannada/nCovDocs/07-04-2020(English).pdf,,2.66%,0.09845259896,98.45259896,,,
08/04/2020,Karnataka,6967,181,6473,,,,,,,,https://karunadu.karnataka.gov.in/hfw/kannada/nCovDocs/08-04-2020(English).pdf,,2.60%,0.1042430482,104.2430482,,,
09/04/2020,Karnataka,7613,197,7176,,,,,,,,https://karunadu.karnataka.gov.in/hfw/kannada/nCovDocs/09-04-2020(English).pdf,,2.59%,0.1139087592,113.9087592,,,
10/04/2020,Karnataka,7975,207,7673,,,,,,,,https://karunadu.karnataka.gov.in/hfw/kannada/nCovDocs/10-04-2020(English).pdf,,2.60%,0.1193251484,119.3251484,,,
11/04/2020,Karnataka,8560,215,8231,,,,,,,,https://karunadu.karnataka.gov.in/hfw/kannada/nCovDocs/11-04-2020(English).pdf,,2.51%,0.128078153,128.078153,,,
12/04/2020,Karnataka,9251,232,8831,,,,,,,,https://karunadu.karnataka.gov.in/hfw/kannada/nCovDocs/12-04-2020(English).pdf,https://karunadu.karnataka.gov.in/hfw/kannada/Pages/cv-media-bulletin.aspx,2.51%,0.1384171722,138.4171722,,,
13/04/2020,Karnataka,10017,247,9572,,,,,,,,https://karunadu.karnataka.gov.in/hfw/kannada/nCovDocs/13-04-2020(English).pdf,,2.47%,0.1498783714,149.8783714,,,
14/04/2020,Karnataka,11107,260,10554,,,,,,,,https://karunadu.karnataka.gov.in/hfw/kannada/nCovDocs/14-04-2020(English).pdf ,,2.34%,0.1661873885,166.1873885,,,
15/04/2020,Karnataka,12483,279,11905,,,,,,,,https://karunadu.karnataka.gov.in/hfw/kannada/nCovDocs/15-04-2020(English).pdf,,2.24%,0.1867756524,186.7756524,,,
16/04/2020,Karnataka,13724,315,13074,,,,,,,,https://karunadu.karnataka.gov.in/hfw/kannada/nCovDocs/16-04-2020(English).pdf,,2.30%,0.2053439921,205.3439921,,,
17/04/2020,Karnataka,17594,359,14606,,,,,,,9864,https://karunadu.karnataka.gov.in/hfw/kannada/nCovDocs/17-04-2020(English).pdf,,2.04%,0.2632484842,263.2484842,,,
18/04/2020,Karnataka,19186,384,15658,,,,,,,6366,https://covid19.karnataka.gov.in/storage/pdf-files/Media-Bulletin/18-04-2020-05-00PM-English.pdf,,2.00%,0.2870686267,287.0686267,,,
19/04/2020,Karnataka,21367,390,17662,,,,,,,4609,https://covid19.karnataka.gov.in/storage/pdf-files/Media-Bulletin/19-04-2020-05-00-English.pdf,,1.83%,0.3197016234,319.7016234,,,
20/04/2020,Karnataka,23460,408,19497,,,,,,,3564,https://karunadu.karnataka.gov.in/hfw/kannada/nCovDocs/20-04-2020(English).pdf,,1.74%,0.3510179288,351.0179288,,,
21/04/2020,Karnataka,26233,418,22222,,,,,,,3802,https://covid19.karnataka.gov.in/storage/pdf-files/Media-Bulletin/21-04-2020-05-00-English.pdf,,1.59%,0.3925086669,392.5086669,,,
22/04/2020,Karnataka,29512,427,25424,,,,,,,4898,https://covid19.karnataka.gov.in/storage/pdf-files/Media-Bulletin/22-04-2020-05-00-English.pdf,,1.45%,0.44157038,441.57038,,,
23/04/2020,Karnataka,32122,445,28174,,,,,,,5944,https://covid19.karnataka.gov.in/storage/pdf-files/Media-Bulletin/23-04-2020-05-00-English.pdf,,1.39%,0.4806222468,480.6222468,,,
24/04/2020,Karnataka,35958,474,31914,,,,,,,5943,https://covid19.karnataka.gov.in/storage/pdf-files/Media-Bulletin/24-04-2020-05-00-English.pdf,,1.32%,0.5380180172,538.0180172,,,
25/04/2020,Karnataka,39083,500,34888,,,,,,,8731,https://covid19.karnataka.gov.in/storage/pdf-files/Media-Bulletin/25-04-2020%20-%2005-00%20-%20English.pdf,,1.28%,0.5847755205,584.7755205,,,
26/04/2020,Karnataka,42964,503,38207,,,,,,,8486,https://covid19.karnataka.gov.in/storage/pdf-files/Media-Bulletin/26-04-2020%20-%2005-00%20-%20English.pdf,,1.17%,0.642844599,642.844599,,,
27/04/2020,Karnataka,45685,512,43791,,,,,,,8011,https://covid19.karnataka.gov.in/storage/pdf-files/Media-Bulletin/27-04-2020%20-%2005-00%20-%20English.pdf,,1.12%,0.6835572923,683.5572923,,,
28/04/2020,Karnataka,50512,523,48508,,,,,,,8252,https://covid19.karnataka.gov.in/storage/pdf-files/Media-Bulletin/28-04-2020%20-%2005-00%20-%20English.pdf,,,0.7557808022,755.7808022,,,
01/04/2020,Kerala,7965,265,7256,444,622,,,,,,https://dashboard.kerala.gov.in/testing-view-public.php,https://dashboard.kerala.gov.in/quarantine-view-public.php,3.33%,0.2246075776,224.6075776,35461849,,
02/04/2020,Kerala,8456,286,7622,548,643,,,,,,https://dashboard.kerala.gov.in/testing-view-public.php,https://dashboard.kerala.gov.in/quarantine-view-public.php,3.38%,0.2384534433,238.4534433,,,
03/04/2020,Kerala,9139,295,8126,718,706,,,,,,https://dashboard.kerala.gov.in/,https://dashboard.kerala.gov.in/quarantine-view-public.php,3.23%,0.2577135783,257.7135783,,,
04/02/2020,Kerala,9744,306,8586,852,734,,,,,,https://dashboard.kerala.gov.in/testing-view-public.php,https://dashboard.kerala.gov.in/quarantine-view-public.php,3.14%,0.2747741665,274.7741665,,,
05/04/2020,Kerala,10221,314,9300,607,776,,,,,,https://dashboard.kerala.gov.in/testing-view-public.php,https://dashboard.kerala.gov.in/quarantine-view-public.php,3.07%,0.2882252417,288.2252417,,,
06/04/2020,Kerala,10716,327,9607,782,795,,,,,,https://dashboard.kerala.gov.in/testing-view-public.php,https://dashboard.kerala.gov.in/quarantine-view-public.php,3.05%,0.3021839047,302.1839047,,,
07/04/2020,Kerala,11232,336,10250,646,752,,,,,,https://dashboard.kerala.gov.in/testing-view-public.php,https://dashboard.kerala.gov.in/quarantine-view-public.php,2.99%,0.3167347535,316.7347535,,,
08/04/2020,Kerala,11986,354,10906,735,749,,,,,,https://dashboard.kerala.gov.in/testing-view-public.php,https://dashboard.kerala.gov.in/quarantine-view-public.php,2.95%,0.3379970401,337.9970401,,,
09/04/2020,Kerala,12710,258,11469,884,723,,,,,,http://dhs.kerala.gov.in/wp-content/uploads/2020/04/Daily-Bulletin-HFWD-English-April-9.pdf,https://dashboard.kerala.gov.in/quarantine-view-public.php,2.03%,0.3584133473,358.4133473,,,
09/04/2020,Kerala,12710,357,11469,884,723,,,,,,https://twitter.com/vijayanpinarayi/status/1248267225825308677,https://dashboard.kerala.gov.in/,2.81%,0.3584133473,358.4133473,,,
10/04/2020,Kerala,13339,364,12335,640,730,,,,,,http://dhs.kerala.gov.in/wp-content/uploads/2020/04/Daily-Bulletin-HFWD-English-April-10.pdf,https://dashboard.kerala.gov.in/quarantine-view-public.php,2.73%,0.376150719,376.150719,,,
11/04/2020,Kerala,14163,373,12818,972,814,,,,,,https://dashboard.kerala.gov.in/quarantine-view-public.php,https://dashboard.kerala.gov.in/testing-view-public.php,2.63%,0.3993869581,399.3869581,,,
12/04/2020,Kerala,14989,375,13802,,,,,,,,http://dhs.kerala.gov.in/wp-content/uploads/2020/04/Daily-Bulletin-HFWD-English-April-12.pdf,https://dashboard.kerala.gov.in/testing-view-public.php,2.50%,0.4226795958,422.6795958,,,
13/04/2020,Kerala,15683,378,14829,476,,,,,,,https://dashboard.kerala.gov.in/testing-view-public.php,http://dhs.kerala.gov.in/wp-content/uploads/2020/04/Daily-Bulletin-HFWD-English-April-13.pdf,2.41%,0.4422499233,442.2499233,,,
14/04/2020,Kerala,16235,386,15488,361,,,,,,,https://dashboard.kerala.gov.in/testing-view-public.php,http://dhs.kerala.gov.in/wp-content/uploads/2020/04/Daily-Bulletin-HFWD-English-April-14.pdf,2.38%,0.4578159475,457.8159475,,,
15/04/2020,Kerala,16475,387,16002,86,,,,,,,https://dashboard.kerala.gov.in/testing-view-public.php,,2.35%,0.4645837841,464.5837841,,,
16/04/2020,Kerala,17400,394,16459,547,,,,,,,https://dashboard.kerala.gov.in/testing-view-public.php,,2.26%,0.4906681544,490.6681544,,,
17/04/2020,Kerala,18029,395,17279,355,,,,,,,https://dashboard.kerala.gov.in/testing-view-public.php,,2.19%,0.5084055262,508.4055262,,,
18/04/2020,Kerala,18774,399,17763,612,,,,,,,https://dashboard.kerala.gov.in/testing-view-public.php,,2.13%,0.529414019,529.414019,,,
19/04/2020,Kerala,19351,401,18547,403,,,,,,,https://dashboard.kerala.gov.in/testing-view-public.php,,2.07%,0.5456850262,545.6850262,,,
20/04/2020,Kerala,19756,408,19074,274,,,,,,,https://dashboard.kerala.gov.in/testing-view-public.php,,2.07%,0.5571057505,557.1057505,,,
21/04/2020,Kerala,20252,426,19442,384,442,,,,,,https://dashboard.kerala.gov.in/testing-view-public.php,,2.10%,0.5710926128,571.0926128,,,
22/04/2020,Kerala,20821,437,19998,386,346,,,,,,https://dashboard.kerala.gov.in/testing-view-public.php,,2.10%,0.5871380254,587.1380254,,,
23/04/2020,Kerala,21334,447,20326,561,,,,,,,https://dashboard.kerala.gov.in/testing-view-public.php,,2.10%,0.6016042762,601.6042762,,,
24/04/2020,Kerala,21940,450,20830,660,,,,,,,https://dashboard.kerala.gov.in/testing-view-public.php,,2.05%,0.6186930636,618.6930636,,,
25/04/2020,Kerala,22360,457,21475,428,,,,,,,https://dashboard.kerala.gov.in/testing-view-public.php,,2.04%,0.6305367777,630.5367777,,,
26/04/2020,Kerala,22954,468,21997,489,,,,,,,https://dashboard.kerala.gov.in/testing-view-public.php,,2.04%,0.6472871733,647.2871733,,,
27/04/2020,Kerala,23271,481,22537,253,,,,,,,https://dashboard.kerala.gov.in/testing-view-public.php,,2.07%,0.6562263575,656.2263575,,,
28/04/2020,Kerala,23980,485,23277,218,,,,,,,https://dashboard.kerala.gov.in/testing-view-public.php,,2.02%,0.6762196748,676.2196748,,,
29/04/2020,Kerala,,,,,,,,,,,,,,,,,,
30/04/2020,Kerala,,,,,,,,,,,,,,,,,,
13/04/2020,Ladakh,618,17,,,,,,,,,http://newsonair.com/News?title=Ladakh-well-ahead-of-all-states-and-UTs-in-testing-suspects-for-COVID-19&id=385511,,2.75%,2.207742101,2207.742101,279924,,
14/04/2020,Ladakh,760,17,615,69,,,,,,,https://twitter.com/DIPR_Leh/status/1250016972072292353?s=09,,2.24%,2.715022649,2715.022649,,,
15/04/2020,Ladakh,820,18,657,86,154,,,,,,https://twitter.com/ladags/status/1250457259299110914?s=19,,2.20%,2.929366542,2929.366542,,,
16/04/2020,Ladakh,917,18,695,145,157,,,,,,https://twitter.com/ladags/status/1250757796007567360?s=19,,1.96%,3.27588917,3275.88917,,,
19/04/2020,Ladakh,991,18,797,117,157,,154,,,,https://twitter.com/ladags/status/1251890558810812422?s=19,,1.82%,3.540246638,3540.246638,,,
21/04/2020,Ladakh,1137,18,896,164,154,,,,,,https://twitter.com/ladags/status/1252646578688389121?s=09,,1.58%,4.061816779,4061.816779,,,
25/04/2020,Ladakh,,,,,,,,,,,,,,0,0,,,
26/04/2020,Ladakh,,,,,,,,,,,,,,0,0,,,
05/04/2020,Madhya Pradesh,2812,193,1954,665,,,,,,,https://twitter.com/JansamparkMP/status/1246841187073273857,,6.86%,0.03353620791,33.53620791,83849671,,
07/04/2020,Madhya Pradesh,3770,290,3125,355,,,9492,1598,993,,https://twitter.com/JansamparkMP/status/1247554866043473920,,7.69%,0.04496141672,44.96141672,,,
08/04/2020,Madhya Pradesh,4056,341,3443,272,,,,,,,https://twitter.com/JansamparkMP/status/1247907281703862272/photo/2,,8.41%,0.04837228282,48.37228282,,,
09/04/2020,Madhya Pradesh,5135,411,3989,,,,9492,1598,993,,https://twitter.com/JansamparkMP/status/1248269831876382720?s=20,,8.00%,0.06124055037,61.24055037,,,
10/04/2020,Madhya Pradesh,7049,451,4840,,,,9492,1598,993,,https://twitter.com/JansamparkMP/status/1248611777526394885?s=19,,6.40%,0.08406711578,84.06711578,,,
11/04/2020,Madhya Pradesh,8516,529,5790,,,,9492,1598,993,,https://twitter.com/JansamparkMP/status/1249002767026274304?s=19,,6.21%,0.1015627122,101.5627122,,,
12/04/2020,Madhya Pradesh,10481,562,6875,,,,9492,1598,993,,https://twitter.com/JansamparkMP/status/1249287199687716864?s=19,,5.36%,0.1249975089,124.9975089,,,
13/04/2020,Madhya Pradesh,10481,614,6875,,,,16868,716,622,548464,https://www.google.com/url?q=https://twitter.com/JansamparkMP/status/1249707440288878592?s%3D19&sa=D&ust=1586894104440000&usg=AFQjCNESb6V_VO9Qoh8zQT0BFeSThzRGJg,,5.86%,0.1249975089,124.9975089,,,
14/04/2020,Madhya Pradesh,8105,741,7103,4835,,,20243,783,690,578780,https://twitter.com/JansamparkMP/status/1250071572779601920?s=09,,9.14%,0.0966610829,96.6610829,,,
15/04/2020,Madhya Pradesh,9596,938,8658,4501,,,29355,840,690,607324,https://twitter.com/JansamparkMP/status/1250441930896334852?s=09,,9.77%,0.1144429058,114.4429058,,,
16/04/2020,Madhya Pradesh,13492,1164,12326,4158,,,,,,637288,https://twitter.com/JansamparkMP/status/1250813847650177024,,8.63%,0.1609070118,160.9070118,,,
17/04/2020,Madhya Pradesh,15302,1310,13992,4996,,,,,,668994,https://twitter.com/JansamparkMP/status/1251155692213334018,,8.56%,0.1824932623,182.4932623,,,
18/04/2020,Madhya Pradesh,14978,1402,13576,7251,,,,,,698326,https://twitter.com/JansamparkMP/status/1251528687935057920/photo/1,,9.36%,0.1786292042,178.6292042,,,
19/04/2020,Madhya Pradesh,17835,1407,16428,7054,,,20243,783,690,726490,https://twitter.com/JansamparkMP/status/1251866633360093184/photo/2,,7.89%,0.2127020868,212.7020868,,,
20/04/2020,Madhya Pradesh,27661,1485,17657,8519,,,33514,865,592,752852,https://twitter.com/JansamparkMP/status/1252220621112647683/photo/2,,5.37%,0.3298879968,329.8879968,,,
21/04/2020,Madhya Pradesh,20905,1552,19353,8215,,,,,,781338,https://twitter.com/JansamparkMP/status/1252572205768114178/photo/1,,7.42%,0.2493152299,249.3152299,,,
22/04/2020,Madhya Pradesh,22664,1587,21077,8414,,,,,,808177,https://twitter.com/JansamparkMP/status/1252908046629691392/photo/1,,7.00%,0.270293249,270.293249,,,
23/04/2020,Madhya Pradesh,24548,1687,22861,8526,,,,,,836495,https://twitter.com/JansamparkMP/status/1253294536438284288?s=09,,6.87%,0.2927620312,292.7620312,,,
24/04/2020,Madhya Pradesh,26233,1846,24387,8843,,,33514,865,592,876840,https://twitter.com/JansamparkMP/status/1253649153525153792?s=19,,7.04%,0.3128575185,312.8575185,,,
25/04/2020,Madhya Pradesh,27866,1945,25921,9021,,,33514,865,592,918227,https://twitter.com/JansamparkMP/status/1254034656330240001,,6.98%,0.3323328484,332.3328484,,,
26/04/2020,Madhya Pradesh,25232,2090,21716,,,,33514,865,592,961106,https://www.mpinfo.org/MPinfoStatic/other_updates/Health-Bulletin-26April2020.pdf,https://t.me/indiacovid/3261?single,8.28%,0.3009194872,300.9194872,,,
27/04/2020,Madhya Pradesh,27009,2165,23500,,,,33514,865,592,991950,https://www.mpinfo.org/MPinfoStatic/other_updates/Health-Bulletin-27April2020.pdf,,,0.3704248285,370.4248285,,,
28/04/2020,Madhya Pradesh,31060,2387,26159,,,,33514,865,592,1024460,https://www.mpinfo.org/MPinfoStatic/other_updates/Health-Bulletin-28April2020.pdf,,,#REF!,#REF!,,,
29/04/2020,Madhya Pradesh,,,,,,,,,,,,,,0,0,,,
05/04/2020,Maharashtra,16008,,14837,,3122,,,,,,,,0.00%,0.1312938572,131.2938572,121924973,,
06/04/2020,Maharashtra,17563,868,15808,,3498,,,,,,https://www.cnbctv18.com/healthcare/maharashtra-covid-19-tally-mounts-to-868-with-7-fresh-deaths-5634351.htm,,4.94%,0.1440476021,144.0476021,,,
07/04/2020,Maharashtra,20877,1018,19290,569,38703,,,,,,https://arogya.maharashtra.gov.in/pdf/covidepressnote07.pdf,,4.88%,0.171228252,171.228252,,,
09/04/2020,Maharashtra,20877,868,19290,715,,,,,,,https://twitter.com/Maha_MEDD/status/1248156898894811136,https://drive.google.com/file/d/1InVpTI2sfv8N24YVOJVlVUMQ5Z-d8ZRq/view,4.16%,0.171228252,171.228252,,,
10/04/2020,Maharashtra,30000,1135,28865,,,,,,,,https://twitter.com/Maha_MEDD/status/1248484537216065536,https://drive.google.com/file/d/1EnHn3WjLO2EkLjDRiv7C_B44IY_1HuiX/view,3.78%,0.2460529559,246.0529559,,,
11/04/2020,Maharashtra,31841,1761,30477,,,,,,,,https://twitter.com/Maha_MEDD/status/1248859409419132929?s=19,https://phdmah.maps.arcgis.com/apps/opsdashboard/index.html#/2cc0055832264c5296890745e9ea415c,5.53%,0.2611524056,261.1524056,,,
12/04/2020,Maharashtra,35668,1761,34094,,,,,,,,https://twitter.com/Maha_MEDD/status/1249210483812548608?s=19,https://phdmah.maps.arcgis.com/apps/opsdashboard/index.html#/2cc0055832264c5296890745e9ea415c,4.94%,0.292540561,292.540561,,,
13/04/2020,Maharashtra,39725,1996,37964,,,,,,,,https://twitter.com/Maha_MEDD/status/1249593448820125697,https://phdmah.maps.arcgis.com/apps/opsdashboard/index.html#/2cc0055832264c5296890745e9ea415c,5.02%,0.3258151224,325.8151224,,,
14/04/2020,Maharashtra,41071,2340,39089,,,,,,,,https://twitter.com/Maha_MEDD/status/1249943643357511680?s=19,https://phdmah.maps.arcgis.com/apps/opsdashboard/index.html#/2cc0055832264c5296890745e9ea415c,5.70%,0.3368546983,336.8546983,,,
15/04/2020,Maharashtra,45142,2690,42808,,,,,,,,https://twitter.com/Maha_MEDD/status/1250306461097320448,https://drive.google.com/file/d/1ItKhc3Ch9ueTg3EsMmq0dlQTgPlt-l5a/view,5.96%,0.3702440845,370.2440845,,,
16/04/2020,Maharashtra,50882,2916,48198,,,,,,,,https://twitter.com/Maha_MEDD/status/1250659519840968704,,5.73%,0.4173222167,417.3222167,,,
17/04/2020,Maharashtra,55678,3204,52762,,,,,,,,https://twitter.com/Maha_MEDD/status/1251045031869214720,,5.75%,0.4566578825,456.6578825,,,
18/04/2020,Maharashtra,60166,3323,56964,,,,,,,,https://twitter.com/Maha_MEDD/status/1251399078555947008,,5.52%,0.4934674047,493.4674047,,,
19/04/2020,Maharashtra,66796,3651,63476,,,,,,,,https://twitter.com/Maha_MEDD/status/1251760884512243714,,5.47%,0.547845108,547.845108,,,
20/04/2020,Maharashtra,71321,4204,67673,,,,,,,,https://twitter.com/Maha_MEDD/status/1252114391090130947,,5.89%,0.5849580955,584.9580955,,,
21/04/2020,Maharashtra,75838,4676,71638,,,,,,,,https://twitter.com/Maha_MEDD/status/1252467996393537536,,6.17%,0.6220054689,622.0054689,,,
22/04/2020,Maharashtra,82304,5229,77638,,,,,,,,https://twitter.com/Maha_MEDD/status/1252842842268950530,,6.35%,0.6750380826,675.0380826,,,
23/04/2020,Maharashtra,89197,5218,83979,,,,,,,,https://twitter.com/Maha_MEDD/status/1253199854890713089,,5.85%,0.7315728501,731.5728501,,,
24/04/2020,Maharashtra,95210,6427,89561,,,,,,,,https://twitter.com/Maha_MEDD/status/1253554384606298114?s=19,,6.75%,0.7808900643,780.8900643,,,
25/04/2020,Maharashtra,100912,6817,94485,,,,,,,,https://twitter.com/Maha_MEDD/status/1253930643949367296,,6.76%,0.8276565294,827.6565294,,,
26/04/2020,Maharashtra,107979,7928,101162,,,,,,,,https://twitter.com/Maha_MEDD/status/1254288768577818625,,7.34%,0.885618404,885.618404,,,
27/04/2020,Maharashtra,115147,8068,107519,,,,,,,,https://twitter.com/Maha_MEDD/status/1254647537991991297,,7.01%,0.944408657,944.408657,,,
28/04/2020,Maharashtra,120620,8590,112552,,,,,,,,https://twitter.com/Maha_MEDD/status/1255016183411077121,,7.12%,0.9892969179,989.2969179,,,
29/04/2020,Maharashtra,128726,9318,120136,,,,,,,,https://twitter.com/Maha_MEDD/status/1255371358323773445?s=19,,7.24%,1.055780427,1055.780427,,,
16/02/2020,Meghalaya,552,7,299,246,,,,,,,https://t.me/indiacovid/2463,,1.27%,0.166253743,166.253743,3320226,,
17/04/2020,Meghalaya,617,9,541,,105,,,,,,http://meghalaya.gov.in/megcms/sites/default/files/press_release/CM%20Media%20Brief_0.pdf,,1.46%,0.1858307236,185.8307236,,,
18/04/2020,Meghalaya,738,11,667,60,,,,,,,http://meghalayaonline.gov.in/covid/login.htm#,,1.49%,0.2222740259,222.2740259,,,
19/04/2020,Meghalaya,766,11,678,77,,,,,,,http://meghalayaonline.gov.in/covid/login.htm#,,1.44%,0.2307071868,230.7071868,,,
20/04/2020,Meghalaya,838,11,714,,,,,,,,http://meghalayaonline.gov.in/covid/login.htm#,,1.31%,0.2523924576,252.3924576,,,
21/04/2020,Meghalaya,933,12,821,100,,,,,,,http://meghalayaonline.gov.in/covid/login.htm#,,1.29%,0.2810049677,281.0049677,,,
22/04/2020,Meghalaya,1046,12,904,130,,,,,,,http://meghalayaonline.gov.in/covid/login.htm#,,1.15%,0.3150387956,315.0387956,,,
23/04/2020,Meghalaya,1109,12,1000,97,,,,,,,http://meghalayaonline.gov.in/covid/login.htm#,,1.08%,0.3340134075,334.0134075,,,
24/04/2020,Meghalaya,1130,12,1048,70,,,,,,,http://meghalayaonline.gov.in/covid/login.htm#,,1.06%,0.3403382782,340.3382782,,,
25/04/2020,Meghalaya,1169,12,1097,60,,,,,,,http://meghalayaonline.gov.in/covid/login.htm#,,1.03%,0.3520844665,352.0844665,,,
26/04/2020,Meghalaya,,,,,,,,,,,,,,0,0,,,
27/04/2020,Meghalaya,1254,12,1182,60,,,,,,,http://meghalayaonline.gov.in/covid/login.htm#,,0.96%,0.3776851335,377.6851335,,,
28/04/2020,Meghalaya,1382,12,1202,168,,,,,,,https://twitter.com/ANI/status/1255184343103766532?s=19,,0.87%,0.4162367261,416.2367261,,,
06/04/2020,Mizoram,58,1,0,0,207,,,,,,https://health.mizoram.gov.in/post/covid-19-bulletin-date-642020,,1.72%,0.04745797106,47.45797106,1222134,,
07/04/2020,Mizoram,58,1,0,0,207,,,,,,https://health.mizoram.gov.in/post/covid-19-bulletin-date-742020,,1.72%,0.04745797106,47.45797106,,,
08/04/2020,Mizoram,74,1,,0,,,,,,,https://health.mizoram.gov.in/post/covid-19-bulletin-date-842020,,1.35%,0.06054982514,60.54982514,,,
09/04/2020,Mizoram,84,1,,,,,,,,,https://health.mizoram.gov.in/post/covid-19-bulletin-date-942020,,1.19%,0.06873223394,68.73223394,,,
10/04/2020,Mizoram,,,,,,,,,,,https://health.mizoram.gov.in/,,,0,0,,,
11/04/2020,Mizoram,,,,,,,,,,,,,,0,0,,,
12/04/2020,Mizoram,87,1,,,,,,,,,https://health.mizoram.gov.in/post/status-of-state-surveillance-of-covid-19-date-1142020,,1.15%,0.07118695659,71.18695659,,,
13/04/2020,Mizoram,89,1,,,,,,,,,https://t.me/indiacovid/2218,,1.12%,0.07282343835,72.82343835,,,
14/04/2020,Mizoram,91,1,,,,,,,,,https://health.mizoram.gov.in/post/covid-19-bulletin-date-1442020,,1.10%,0.07445992011,74.45992011,,,
15/04/2020,Mizoram,94,1,,,,,,,,,https://health.mizoram.gov.in/post/covid-19-bulletin-date-1542020,,1.06%,0.07691464275,76.91464275,,,
16/04/2020,Mizoram,94,1,,,,,,,,,https://health.mizoram.gov.in/post/covid-19-bulletin-date-1642020,,1.06%,0.07691464275,76.91464275,,,
17/04/2020,Mizoram,,,,,,,,,,,,,,0,0,,,
18/04/2020,Mizoram,102,1,,,,,,,,,https://health.mizoram.gov.in/post/covid-19-bulletin-date-1842020,,0.98%,0.08346056979,83.46056979,,,
19/04/2020,Mizoram,116,1,,,,,,,,,https://health.mizoram.gov.in/post/covid-19-bulletin-date-1942020,,0.86%,0.09491594211,94.91594211,,,
20/04/2020,Mizoram,132,1,,,,,,,,,https://health.mizoram.gov.in/post/covid-19-bulletin-date-2042020,,0.76%,0.1080077962,108.0077962,,,
21/04/2020,Mizoram,135,1,,,,,,,,,https://t.me/indiacovid/2898?single,,0.74%,0.1104625188,110.4625188,,,
22/04/2020,Mizoram,135,1,,,,,,,,,https://health.mizoram.gov.in/post/covid-19-bulletin-date-2242020,,0.74%,0.1104625188,110.4625188,,,
23/04/2020,Mizoram,137,1,,,,,,,,,https://health.mizoram.gov.in/post/covid-19-bulletin-date-2342020,,0.73%,0.1120990006,112.0990006,,,
26/04/2020,Mizoram,146,1,,,,,,,,,https://health.mizoram.gov.in/post/covid-19-bulletin-date-2642020,,0.68%,0.1194631685,119.4631685,,,
27/04/2020,Mizoram,146,1,,,,,,,,,https://health.mizoram.gov.in/post/covid-19-bulletin-date-2742020,,,0.1194631685,119.4631685,,,
28/04/2020,Mizoram,158,1,,,,,,,,,https://health.mizoram.gov.in/post/covid-19-bulletin-date-2842020,,,0.1292820591,129.2820591,,,
29/04/2020,Mizoram,,,,,,,,,,,,,,0,0,,,
06/04/2020,Nagaland,60,0,47,13,,,489,,70,,http://morungexpress.com/nagaland-covid-19-update-2,,0.00%,0.02704366741,27.04366741,2218634,,
10/04/2020,Nagaland,70,0,69,1,20,,,,,,http://morungexpress.com/nagaland-covid-19-update-4,,0.00%,0.03155094531,31.55094531,,,
11/04/2020,Nagaland,70,0,70,,22,,,,,,http://morungexpress.com/nagaland-covid-19-update-5,,0.00%,0.03155094531,31.55094531,,,
12/04/2020,Nagaland,74,0,70,4,,,,,,,http://morungexpress.com/nagaland-covid-19-update-6,,0.00%,0.03335385647,33.35385647,,,
13/04/2020,Nagaland,,,,,,,,,,,,,,0,0,,,
14/04/2020,Nagaland,174,0,97,77,,,,,,,https://nagahealth.nagaland.gov.in/,,0.00%,0.07842663549,78.42663549,,,
15/04/2020,Nagaland,184,0,174,10,,,,,,,https://nagahealth.nagaland.gov.in/,,0.00%,0.08293391339,82.93391339,,,
16/04/2020,Nagaland,,,,,,,,,,,,,,0,0,,,
17/04/2020,Nagaland,274,0,222,48,,,,,,,https://nagahealth.nagaland.gov.in/,,0.00%,0.1234994145,123.4994145,,,
18/04/2020,Nagaland,392,0,292,100,,,,,,,https://nagahealth.nagaland.gov.in/,,0.00%,0.1766852937,176.6852937,,,
19/04/2020,Nagaland,404,0,345,59,,,,,,,https://nagahealth.nagaland.gov.in/,,0.00%,0.1820940272,182.0940272,,,
20/04/2020,Nagaland,434,0,404,30,,,,,,,https://nagahealth.nagaland.gov.in/,,0.00%,0.1956158609,195.6158609,,,
21/04/2020,Nagaland,537,0,456,81,,,,,,,https://nagahealth.nagaland.gov.in/,,0.00%,0.2420408233,242.0408233,,,
22/04/2020,Nagaland,543,0,481,62,,,,,,,https://nagahealth.nagaland.gov.in/,,0.00%,0.2447451901,244.7451901,,,
23/04/2020,Nagaland,607,0,543,64,,,,,,,https://nagahealth.nagaland.gov.in/,,0.00%,0.2735917686,273.5917686,,,
24/04/2020,Nagaland,,,,,,,,,,,,,,0,0,,,
25/04/2020,Nagaland,613,0,607,6,,,,,,,https://nagahealth.nagaland.gov.in/,,0.00%,0.2762961354,276.2961354,,,
26/04/2020,Nagaland,613,0,613,0,,,,,,,https://nagahealth.nagaland.gov.in/,,0.00%,0.2762961354,276.2961354,,,
27/04/2020,Nagaland,629,0,613,16,,,,,,,https://nagahealth.nagaland.gov.in/,,0.00%,0.28350778,283.50778,,,
28/04/2020,Nagaland,639,0,620,19,,,,,,,https://nagahealth.nagaland.gov.in/,,0.00%,0.2880150579,288.0150579,,,
29/04/2020,Nagaland,,,,,,,,,,,,,,0,0,,,
03/04/2020,Odisha,1395,20,1108,267,,,,,,,https://twitter.com/HFWOdisha/status/1246135145230303232,,1.43%,0.03041797901,30.41797901,45861035,,
07/04/2020,Odisha,2190,40,,,,,,,,,https://twitter.com/HFWOdisha/status/1247579939206909953,,1.83%,0.0477529563,47.7529563,,,
07/04/2020,Odisha,2441,42,,,,,,,,,https://twitter.com/HFWOdisha/status/1247579939206909953,,1.72%,0.05322601202,53.22601202,,,
08/04/2020,Odisha,2441,42,2399,,,,,,,,https://health.odisha.gov.in/,,1.72%,0.05322601202,53.22601202,,,
09/04/2020,Odisha,3249,48,3201,,,,,,,,https://health.odisha.gov.in/,,1.48%,0.07084445434,70.84445434,,,
10/04/2020,Odisha,3547,50,3497,,,,,,,,https://health.odisha.gov.in/,,1.41%,0.0773423452,77.3423452,,,
11/04/2020,Odisha,3551,51,3497,,,,,,,,https://health.odisha.gov.in/,,1.44%,0.07742956521,77.42956521,,,
12/04/2020,Odisha,3862,54,3808,,,,,,,,https://health.odisha.gov.in/,,1.40%,0.0842109211,84.2109211,,,
13/04/2020,Odisha,4170,54,4116,,,,,,,,https://health.odisha.gov.in/,,1.29%,0.09092686199,90.92686199,,,
14/04/2020,Odisha,4734,56,4678,,,,,,,,https://health.odisha.gov.in/,,1.18%,0.1032248836,103.2248836,,,
15/04/2020,Odisha,5537,60,5477,,,,,,,,https://health.odisha.gov.in/,,1.08%,0.1207343009,120.7343009,,,
16/04/2020,Odisha,6734,60,6674,,,,,,,,https://health.odisha.gov.in/pdf/covid-19-Analysis-Report-16042020.pdf,https://health.odisha.gov.in/,0.89%,0.1468348894,146.8348894,,,
17/04/2020,Odisha,7577,60,7517,,,,,,,,https://health.odisha.gov.in/pdf/covid-19-Analysis-Report-17042020.pdf,https://health.odisha.gov.in/,0.79%,0.1652165068,165.2165068,,,
18/04/2020,Odisha,8619,60,8559,,,,,,,,https://health.odisha.gov.in/pdf/covid-19-Analysis-Report-17042020.pdf,,0.70%,0.1879373198,187.9373198,,,
19/04/2020,Odisha,9690,61,9629,,,,,,,,https://health.odisha.gov.in/pdf/covid-19-Analysis-Report-19042020.pdf,https://health.odisha.gov.in/,0.63%,0.2112904779,211.2904779,,,
20/04/2020,Odisha,10641,68,,,,,,,,,https://health.odisha.gov.in/,https://health.odisha.gov.in/pdf/covid-19-Analysis-Report-20042020.pdf,0.64%,0.2320270356,232.0270356,,,
21/04/2020,Odisha,11748,79,,,,,,,,,https://health.odisha.gov.in/,,0.67%,0.2561651738,256.1651738,,,
22/04/2020,Odisha,13775,83,,,,,,,,,https://health.odisha.gov.in/,,0.60%,0.3003639146,300.3639146,,,
23/04/2020,Odisha,15984,83,,,,,,,,,https://health.odisha.gov.in/,,0.52%,0.3485311659,348.5311659,,,
24/04/2020,Odisha,18458,90,,,,,,,,,https://health.odisha.gov.in/,,0.49%,0.4024767431,402.4767431,,,
25/04/2020,Odisha,20599,94,,,,,,,,,https://health.odisha.gov.in/,,0.46%,0.4491612542,449.1612542,,,
26/04/2020,Odisha,22816,103,,,,,,,,,https://health.odisha.gov.in/,https://twitter.com/HFWOdisha/status/1254251273689464832?s=09,0.45%,0.4975029456,497.5029456,,,
27/04/2020,Odisha,25103,108,,,,,,,,,https://health.odisha.gov.in/,,0.43%,0.5473709872,547.3709872,,,
28/04/2020,Odisha,26687,118,,,,,,,,,https://health.odisha.gov.in/,,0.44%,0.5819101117,581.9101117,,,
29/04/2020,Odisha,,,,,,,,,,,,,,0,0,,,
30/04/2020,Odisha,,,,,,,,,,,,,,0,0,,,
18/04/2020,Puducherry,1207,7,1159,41,,,,,,,https://covid19dashboard.py.gov.in/,,0.58%,0.8658375095,865.8375095,1394026,,
19/04/2020,Puducherry,1245,7,1214,24,,,,,,,https://covid19dashboard.py.gov.in/,,0.56%,0.8930966854,893.0966854,,,
20/04/2020,Puducherry,1272,7,1232,33,,,,,,,https://covid19dashboard.py.gov.in/,,0.55%,0.9124650473,912.4650473,,,
21/04/2020,Puducherry,1319,7,1272,40,,,,,,,https://covid19dashboard.py.gov.in/Home/TestResultsReport,,0.53%,0.9461803438,946.1803438,,,
22/04/2020,Puducherry,1473,7,1354,112,,,,,,,https://covid19dashboard.py.gov.in/Home/TestResultsReport,,0.48%,1.056651741,1056.651741,,,
23/04/2020,Puducherry,1548,7,1513,28,,,,,,,https://covid19dashboard.py.gov.in/Home/TestResultsReport,,0.45%,1.110452746,1110.452746,,,
24/04/2020,Puducherry,1704,7,1657,40,,,,,,,https://covid19dashboard.py.gov.in/Home/TestResultsReport,,0.41%,1.222358837,1222.358837,,,
25/04/2020,Puducherry,1864,8,1793,63,,,,,,,https://covid19dashboard.py.gov.in/Home/TestResultsReport,,0.43%,1.337134315,1337.134315,,,
26/04/2020,Puducherry,1977,8,1902,67,,,,,,,https://covid19dashboard.py.gov.in/Home/TestResultsReport,,0.40%,1.418194496,1418.194496,,,
27/04/2020,Puducherry,2014,8,1942,64,,,,,,,https://covid19dashboard.py.gov.in/,,0.40%,1.444736325,1444.736325,,,
28/04/2020,Puducherry,2156,8,2099,49,,,,,,,,,0.37%,1.546599561,1546.599561,,,
29/04/2020,Puducherry,,,,,,,,,,,,,,0,0,,,
02/04/2020,Punjab,1434,37,1236,161,,,,,,,https://twitter.com/kbssidhu1961/status/1245680244658339841/photo/1,,2.58%,0.04799922719,47.99922719,29875481,,
08/04/2020,Punjab,2937,106,2614,217,,,,,,,https://twitter.com/kbssidhu1961/status/1247878360966901763/photo/1,,3.61%,0.09830804063,98.30804063,,,
09/04/2020,Punjab,3192,130,2777,285,,,,,,,http://pbhealth.gov.in/Media%20bulletin%20-%2009-04-2020.pdf,,4.07%,0.1068434681,106.8434681,,,
10/04/2020,Punjab,3461,151,2972,338,,,,,,,http://pbhealth.gov.in/Media%20bulletin%20-%2010-04-2020.pdf,,4.36%,0.1158475072,115.8475072,,,
11/04/2020,Punjab,3909,158,3249,502,,,,,,,http://pbhealth.gov.in/Media%20bulletin%20-%2011-04-2020.pdf,,4.04%,0.1308430817,130.8430817,,,
12/04/2020,Punjab,4281,170,3590,521,,,,,,,http://pbhealth.gov.in/Media%20bulletin%20-%2012-04-2020.pdf,,3.97%,0.143294764,143.294764,,,
13/04/2020,Punjab,4480,176,3858,446,,,,,,,http://pbhealth.gov.in/Media%20bulletin%20-%2013-04-2020.pdf,http://pbhealth.gov.in/,3.93%,0.1499557446,149.9557446,,,
14/04/2020,Punjab,4844,184,4047,613,,,,,,,http://pbhealth.gov.in/Media%20Bulletin-%2014.4.2020.pdf,http://pbhealth.gov.in/media-bulletin.htm,3.80%,0.1621396489,162.1396489,,,
15/04/2020,Punjab,5193,186,4404,603,,,,,,,http://pbhealth.gov.in/Media%20Bulletin%2015.4.2020.pdf,,3.58%,0.1738214692,173.8214692,,,
16/04/2020,Punjab,5524,197,4727,600,,,,,,,http://pbhealth.gov.in/Media%20Bulletin%20COVID-19%2016-04-2020.pdf,,3.57%,0.1849007887,184.9007887,,,
17/04/2020,Punjab,5988,211,5113,664,,,,,,,https://t.me/indiacovid/2492?single,,3.52%,0.2004319194,200.4319194,,,
18/04/2020,Punjab,6167,234,5354,579,,,,,,,https://twitter.com/kbssidhu1961/status/1251530620154585088,,3.79%,0.2064234547,206.4234547,,,
19/04/2020,Punjab,6607,244,5949,414,,,,,,,https://twitter.com/kbssidhu1961/status/1251883032836927488?s=19,,3.69%,0.2211512511,221.1512511,,,
20/04/2020,Punjab,6797,245,6273,279,,,,,,,http://pbhealth.gov.in/Media%20Bulletin%20COVID-Dated%2020-04-2020.pdf,,3.60%,0.2275109813,227.5109813,,,
21/04/2020,Punjab,7355,251,6769,335,,,,,,,http://pbhealth.gov.in/Media%20Bulletin%20COVID-19%20Dated%2021-04-2020.pdf,,3.41%,0.2461885049,246.1885049,,,
22/04/2020,Punjab,7887,257,7100,530,,,,,,,http://pbhealth.gov.in/Media%20Bulletin%20COVID-19%2022-04-2020.pdf,,3.26%,0.2639957496,263.9957496,,,
23/04/2020,Punjab,8757,283,7433,1041,,,,,,,https://twitter.com/kbssidhu1961/status/1253299062620581893?s=19,,3.23%,0.2931166196,293.1166196,,,
24/04/2020,Punjab,10611,298,8310,2003,,,,,,,https://twitter.com/kbssidhu1961/status/1253658553895784448?s=19,,2.81%,0.3551741979,355.1741979,,,
25/04/2020,Punjab,13270,308,9392,3569,,,,,,,https://t.me/indiacovid/3185,,2.32%,0.444176949,444.176949,,,
26/04/2020,Punjab,14317,322,10497,3498,,,,,,,https://twitter.com/kbssidhu1961/status/1254446294518513666?s=19,,2.25%,0.4792224098,479.2224098,,,
27/04/2020,Punjab,15516,330,12333,2853,,,,,,,https://twitter.com/kbssidhu1961/status/1254807639122276353/photo/1,,2.13%,0.5193556549,519.3556549,,,
28/04/2020,Punjab,17021,342,13966,2713,,,,,,,https://twitter.com/kbssidhu1961/status/1255161106386968576/photo/1,,2.01%,0.5697314129,569.7314129,,,
29/04/2020,Punjab,,,,,,,,,,,,,,0,0,,,
05/04/2020,Rajasthan,12279,260,11439,580,,,,,,,http://www.rajswasthya.nic.in/,,2.12%,0.1542893126,154.2893126,79584255,,
07/04/2020,Rajasthan,17638,363,16401,874,,,,,,,,,2.06%,0.2216267527,221.6267527,,,
08/04/2020,Rajasthan,17638,363,16401,874,,,,,,,http://www.rajswasthya.nic.in/,,2.06%,0.2216267527,221.6267527,,,
09/04/2020,Rajasthan,19107,463,17851,793,,,,,,,http://www.rajswasthya.nic.in/,https://twitter.com/TabeenahAnjum/status/1248310723882536960?s=09,2.42%,0.2400851777,240.0851777,,,
10/04/2020,Rajasthan,22349,561,20698,1090,,,,,,,https://t.me/c/1428198946/1843,,2.51%,0.2808218786,280.8218786,,,
11/04/2020,Rajasthan,24857,678,22583,1586,,,,,,,http://www.rajswasthya.nic.in/,,2.73%,0.3123356498,312.3356498,,,
12/04/2020,Rajasthan,28505,796,25105,2559,,,,,,,https://t.me/indiacovid/2093,,2.79%,0.3581738624,358.1738624,,,
13/04/2020,Rajasthan,31804,847,28657,2300,,,,,,,https://t.me/indiacovid/2160,,2.66%,0.3996267855,399.6267855,,,
14/04/2020,Rajasthan,34928,1005,29376,4583,,,,,,,https://t.me/indiacovid/2309,,2.88%,0.4388807811,438.8807811,,,
15/04/2020,Rajasthan,37860,1076,31902,4882,,,,,,,https://t.me/indiacovid/2376,,2.84%,0.4757222393,475.7222393,,,
16/04/2020,Rajasthan,40778,1101,33739,5938,,,,,,,https://t.me/indiacovid/2402,,2.70%,0.5123877832,512.3877832,,,
17/04/2020,Rajasthan,42847,1229,36153,5465,,,,,,,https://t.me/indiacovid/2516,,2.87%,0.5383853879,538.3853879,,,
18/04/2020,Rajasthan,47197,1282,39092,6823,,,,,,,https://t.me/indiacovid/2547,,2.72%,0.5930444408,593.0444408,,,
19/04/2020,Rajasthan,51614,1478,43537,6599,,,,,,,https://t.me/indiacovid/2691,,2.86%,0.6485453687,648.5453687,,,
20/04/2020,Rajasthan,57290,1576,47657,8057,,,,,,,https://t.me/indiacovid/2801,,2.75%,0.7198660087,719.8660087,,,
21/04/2020,Rajasthan,61492,1735,54100,5657,,,,,,,https://t.me/indiacovid/2888,,2.82%,0.7726653972,772.6653972,,,
22/04/2020,Rajasthan,66257,1888,58552,5817,,,,,,,https://t.me/indiacovid/2974,,2.85%,0.8325390493,832.5390493,,,
23/04/2020,Rajasthan,69764,1964,63485,4315,,,,,,,https://t.me/indiacovid/3041,,2.82%,0.8766055547,876.6055547,,,
24/04/2020,Rajasthan,74484,2034,68133,4317,,,,,,,https://t.me/indiacovid/3122,,2.73%,0.9359137684,935.9137684,,,
25/04/2020,Rajasthan,78993,2083,71806,5104,,,,,,,https://t.me/indiacovid/3210,,2.64%,0.9925707038,992.5707038,,,
26/04/2020,Rajasthan,82942,2185,75670,5087,,,,,,,https://t.me/indiacovid/3292,,2.63%,1.042191072,1042.191072,,,
27/04/2020,Rajasthan,87777,2262,80830,4685,,,,,,,https://t.me/indiacovid/3388,,2.58%,1.102944295,1102.944295,,,
28/04/2020,Rajasthan,92506,2364,85834,4308,,,,,,,https://t.me/indiacovid/3478,,2.56%,1.162365596,1162.365596,,,
29/04/2020,Rajasthan,,,,,,,,,,,,,,0,0,,,
03/04/2020,Tamil Nadu,3684,411,2789,484,284,,13323,,3044,,https://stopcorona.tn.gov.in/wp-content/uploads/2020/03/Media-Bulletin-03-04-20-COVID-19-6-PM.pdf,,11.16%,0.04773409466,47.73409466,77177540,,
08/04/2020,Tamil Nadu,5305,690,4414,201,1864,,22049,,3371,,https://stopcorona.tn.gov.in/,,13.01%,0.0687376146,68.7376146,,,
09/04/2020,Tamil Nadu,7267,834,5824,485,2042,,29074,,3371,,https://stopcorona.tn.gov.in/wp-content/uploads/2020/03/Media-Bulletin09.04.20-5-Pages-English-173-KB.pdf,,11.48%,0.09415951843,94.15951843,,,
10/04/2020,Tamil Nadu,8410,911,6838,661,1987,,29074,,3371,,https://stopcorona.tn.gov.in/wp-content/uploads/2020/03/Media-Bulletin-10-04-20-COVID-19-6-PM.pdf,https://stopcorona.tn.gov.in/wp-content/uploads/2020/03/Media-Bulletin09.04.20-5-Pages-English-173-KB.pdf,10.83%,0.1089695266,108.9695266,,,
11/04/2020,Tamil Nadu,9842,969,7779,1094,1884,,29074,,3371,,https://stopcorona.tn.gov.in/wp-content/uploads/2020/03/Media-Bulletin-11.04.2020.pdf,https://stopcorona.tn.gov.in/,9.85%,0.1275241476,127.5241476,,,
12/04/2020,Tamil Nadu,10655,1075,,,,,29074,,3371,,https://stopcorona.tn.gov.in/wp-content/uploads/2020/03/Media-Bulletin-12.04.2020-5-pages-English-178-KB.pdf,https://stopcorona.tn.gov.in/daily-bulletin/,10.09%,0.1380583004,138.0583004,,,
13/04/2020,Tamil Nadu,12746,1173,,,,,29074,,3371,,https://stopcorona.tn.gov.in/wp-content/uploads/2020/03/Media-Bulletin-13.04.2020-5pages-English-181-KB.pdf,,9.20%,0.165151675,165.151675,,,
14/04/2020,Tamil Nadu,19255,1204,13234,777,1870,,29074,,3371,,https://stopcorona.tn.gov.in/,https://stopcorona.tn.gov.in/wp-content/uploads/2020/03/Media-Bulletin-14.04.2020-4-Pages-English-175-KB.pdf,6.25%,0.2494896831,249.4896831,,,
15/04/2020,Tamil Nadu,21994,1242,15210,1383,,,29074,,3371,,https://stopcorona.tn.gov.in/wp-content/uploads/2020/03/Media-Bulletin-15.04.2020.pdf,,5.65%,0.2849792828,284.9792828,,,
16/04/2020,Tamil Nadu,26005,1267,18743,1400,,,29074,,3371,,https://stopcorona.tn.gov.in/wp-content/uploads/2020/03/Media-Bulletin16.04.2020-4-Pages-English-174-KB.pdf,,4.87%,0.3369503615,336.9503615,,,
17/04/2020,Tamil Nadu,29673,1323,21628,2023,,,29074,,3371,,https://stopcorona.tn.gov.in/wp-content/uploads/2020/03/Media-Bulletin-17.04.2020.pdf,,4.46%,0.3844771419,384.4771419,,,
18/04/2020,Tamil Nadu,35036,1372,27192,1433,,,29074,,3371,,https://stopcorona.tn.gov.in/wp-content/uploads/2020/03/Media-Bulletin-18.04.2020.pdf,,3.92%,0.4539662705,453.9662705,,,
19/04/2020,Tamil Nadu,40876,1477,31853,2411,,,29074,,3371,,https://stopcorona.tn.gov.in/wp-content/uploads/2020/03/Media-Bulletin-19-04-20-COVID-19-6-PM-1.pdf,,3.61%,0.5296359537,529.6359537,,,
20/04/2020,Tamil Nadu,46985,1520,38082,2108,,,29074,,3371,,https://stopcorona.tn.gov.in/wp-content/uploads/2020/03/Media-Bulletin20.04.2020.pdf,,3.24%,0.6087911068,608.7911068,,,
21/04/2020,Tamil Nadu,53045,1596,43582,1990,,,,,,,https://stopcorona.tn.gov.in/wp-content/uploads/2020/03/Media-Bulletin-21.04.2020.pdf,,3.01%,0.6873113603,687.3113603,,,
22/04/2020,Tamil Nadu,59023,1629,49506,1937,,,29074,,3371,,https://stopcorona.tn.gov.in/wp-content/uploads/2020/03/Media-Bulletin-22.04.2020.pdf,,2.76%,0.7647691284,764.7691284,,,
23/04/2020,Tamil Nadu,65977,1683,56836,1433,,,29074,,3371,,https://stopcorona.tn.gov.in/wp-content/uploads/2020/03/Media-Bulletin-23.04.2020.pdf,,2.55%,0.8548730628,854.8730628,,,
24/04/2020,Tamil Nadu,72403,1755,62596,1483,,,29074,,3371,,https://stopcorona.tn.gov.in/wp-content/uploads/2020/03/Media-Bulletin-24.04.2020.pdf,,2.42%,0.9381356286,938.1356286,,,
25/04/2020,Tamil Nadu,80110,1821,69390,1754,,,,,,,https://stopcorona.tn.gov.in/wp-content/uploads/2020/03/Media-Bulletin-25.04.2020.pdf,,2.27%,1.037996288,1037.996288,,,
26/04/2020,Tamil Nadu,87605,1885,77133,568,,,,,,,https://stopcorona.tn.gov.in/wp-content/uploads/2020/03/Media-Bulletin-26.04.2020.pdf,,2.15%,1.135110033,1135.110033,,,
27/04/2020,Tamil Nadu,94781,1937,83021,1381,,,,,,,https://stopcorona.tn.gov.in/wp-content/uploads/2020/03/Media-Bulletin-27-04-20-COVID-19-6-PM.pdf,,,1.228090452,1228.090452,,,
28/04/2020,Tamil Nadu,101874,2058,97908,1908,,,,,,,https://stopcorona.tn.gov.in/wp-content/uploads/2020/03/Media-Bulletin-28.04.2020.pdf,,,1.319995429,1319.995429,,,
19/04/2020,Telangana,14962,858,14104,768,,,,,,,https://t.me/indiacovid/2688?single,,5.73%,0.3844389435,384.4389435,38919054,,
28/04/2020,Telangana,19063,1009,,,,,,,,,https://www.thehindu.com/news/national/telangana/accuracy-of-tests-more-in-telangana-eatala/article31456895.ece,,5.29%,0.4898114944,489.8114944,,,
11/04/2020,Tripura,337,2,335,,,,,,,,https://m.facebook.com/story.php?story_fbid=2415546905213637&id=632536300181382,,0.59%,0.0819508086,81.9508086,4112223,,
15/04/2020,Tripura,738,2,,,,,,,,,https://www.facebook.com/bjpbiplab/posts/2424173307684330,,0.27%,0.1794649755,179.4649755,,,
16/04/2020,Tripura,762,2,760,,,,,,,,https://t.me/indiacovid/2466,,0.26%,0.1853012349,185.3012349,,,
17/04/2020,Tripura,,,,,,,,,,,,,,0,0,,,
18/04/2020,Tripura,,,,,,,,,,,,,,0,0,,,
19/04/2020,Tripura,,,,,,,,,,,,,,0,0,,,
20/04/2020,Tripura,,,,,,,,,,,,,,0,0,,,
21/04/2020,Tripura,2604,2,2602,,,,,,,,https://t.me/indiacovid/2898?single,,0.08%,0.6332341412,633.2341412,,,
22/04/2020,Tripura,3215,2,3123,,,,,,,,https://t.me/indiacovid/2983?single,,0.06%,0.7818155776,781.8155776,,,
05/04/2020,Uttar Pradesh,5255,278,4796,181,,,,,,,WA circular :/,,5.29%,0.02251706808,22.51706808,233378519,,
05/04/2020,Uttar Pradesh,5255,278,4796,179,3927,,,,,,,,5.29%,0.02251706808,22.51706808,,,
09/04/2020,Uttar Pradesh,8402,410,7898,94,8671,,,,,,https://t.me/c/1428198946/1789,,4.88%,0.03600159962,36.00159962,,,
10/04/2020,Uttar Pradesh,9332,433,8798,101,8771,,,,,,https://t.me/c/1428198946/1831,,4.64%,0.03998654221,39.98654221,,,
11/04/2020,Uttar Pradesh,10595,452,10012,131,8084,,,,,,https://t.me/c/1428198946/1882,,4.27%,0.04539835134,45.39835134,,,
12/04/2020,Uttar Pradesh,11855,483,11250,122,,,,,,,https://t.me/indiacovid/2132,,4.07%,0.05079730581,50.79730581,,,
13/04/2020,Uttar Pradesh,13287,558,12542,177,,,,,,,https://t.me/indiacovid/2199,,4.20%,0.05693326043,56.93326043,,,
14/04/2020,Uttar Pradesh,15914,660,15134,120,,,,,,,https://t.me/indiacovid/2294?single,,4.15%,0.06818965202,68.18965202,,,
15/04/2020,Uttar Pradesh,19506,727,18595,184,,,,,,,https://t.me/indiacovid/2356,,3.73%,0.08358095717,83.58095717,,,
16/04/2020,Uttar Pradesh,21384,805,20374,205,,,,,,,https://t.me/indiacovid/2448,,3.76%,0.09162797027,91.62797027,,,
17/04/2020,Uttar Pradesh,24643,849,23648,146,,,,,,,https://t.me/indiacovid/2504?single,,3.45%,0.1055924089,105.5924089,,,
18/04/2020,Uttar Pradesh,28484,974,27262,248,,,,,,,https://t.me/indiacovid/2588,,3.42%,0.1220506503,122.0506503,,,
19/04/2020,Uttar Pradesh,31767,1100,,,,,,,,,https://t.me/c/1248471072/11950,,3.46%,0.1361179261,136.1179261,,,
20/04/2020,Uttar Pradesh,34326,1184,32874,268,,,,,,,https://twitter.com/ANINewsUP/status/1252244640079556609?s=09,,3.45%,0.1470829455,147.0829455,,,
21/04/2020,Uttar Pradesh,37933,1337,36378,218,,,,,,,https://twitter.com/ANINewsUP/status/1252619570222731265?s=19,,3.52%,0.162538524,162.538524,,,
22/04/2020,Uttar Pradesh,42192,1449,40263,480,,,,,,,https://twitter.com/ANINewsUP/status/1252986461911052289/photo/1,,3.43%,0.1807878471,180.7878471,,,
23/04/2020,Uttar Pradesh,45483,1510,43495,478,,,,,,,https://t.me/indiacovid/3039?single,,3.32%,0.194889402,194.889402,,,
24/04/2020,Uttar Pradesh,53166,1621,51161,384,,,,,,,https://t.me/indiacovid/3111?single,,3.05%,0.2278101696,227.8101696,,,
25/04/2020,Uttar Pradesh,56851,1793,54216,842,,,,,,,https://t.me/indiacovid/3193?single,,3.15%,0.243599969,243.599969,,,
26/04/2020,Uttar Pradesh,61799,1873,58492,984,,,,,,,https://twitter.com/qazifarazahmad/status/1254434010375131138?s=19,,3.03%,0.2648015776,264.8015776,,,
27/04/2020,Uttar Pradesh,67145,1896,64139,1020,,,,,,,https://t.me/indiacovid/3405,,2.82%,0.2877085701,287.7085701,,,
28/04/2020,Uttar Pradesh,70307,2053,67266,988,,,,,,,https://t.me/indiacovid/3474,,,,,,,
29/04/2020,Uttar Pradesh,,,,,,,,,,,,,,,,,,
02/04/2020,Uttarakhand,678,7,554,117,,,,,,,https://www.facebook.com/UKMedicalHealth/photos/a.1666257713623931/2556543367928690/?type=3&theater,,1.03%,0.06085866732,60.85866732,11140566,,
07/04/2020,Uttarakhand,1289,32,1092,165,176,,,,,,,,2.48%,0.1157032776,115.7032776,,,
09/04/2020,Uttarakhand,1531,35,1235,261,1637,,,,,,http://health.uk.gov.in/files/Health_Bulletin__Uttarakhand_Novel_Corona_Virus_9_April_2020_8.00PM.pdf,,2.29%,0.1374256927,137.4256927,,,
10/04/2020,Uttarakhand,1688,35,1320,333,3770,,,,,478,http://health.uk.gov.in/files/Health_Bulletin__Uttarakhand_Novel_Corona_Virus_10_April_2020__5_PM.pdf,http://health.uk.gov.in/pages/display/140-novel-corona-virus-guidelines-and-advisory-,2.07%,0.151518334,151.518334,,,
11/04/2020,Uttarakhand,1705,35,1340,330,2693,,,,,480,http://health.uk.gov.in/files/11.04.2020_Daily_Bulletin.pdf,http://health.uk.gov.in/pages/display/140-novel-corona-virus-guidelines-and-advisory-,2.05%,0.1530442888,153.0442888,,,
12/04/2020,Uttarakhand,1820,35,1452,333,,,,,,448,https://m.facebook.com/UKMedicalHealth/photos/pcb.2564454990470861/2564454917137535/?type=3&source=49,,1.92%,0.1633669241,163.3669241,,,
13/04/2020,Uttarakhand,1998,35,1665,298,1814,,,,,,https://www.facebook.com/UKMedicalHealth/photos/a.1933022463614120/2565229507060076/?type=3&theater,,1.75%,0.1793445683,179.3445683,,,
14/04/2020,Uttarakhand,2174,35,1838,305,,,,,,,https://www.facebook.com/UKMedicalHealth/photos/rpp.1665195163730186/2566043650311995/?type=3&theater,,1.61%,0.1951426884,195.1426884,,,
15/04/2020,Uttarakhand,2413,37,2022,354,,,,,,,http://health.uk.gov.in/files/Corrected-15-04-2020-Health-Bulletin.pdf,,1.53%,0.2165958175,216.5958175,,,
16/04/2020,Uttarakhand,2593,37,2210,346,,,,,,353,https://m.facebook.com/UKMedicalHealth/photos/a.1933022463614120/2567811600135200/?type=3&source=48&__tn__=EH-R,,1.43%,0.2327529858,232.7529858,,,
17/04/2020,Uttarakhand,2831,40,2420,371,,,,,,420,https://m.facebook.com/story.php?story_fbid=2568731796709847&id=1665195163730186&__tn__=%2As%2As-R,,1.41%,0.2541163528,254.1163528,,,
18/04/2020,Uttarakhand,3158,42,2710,406,604,,,,,446,https://m.facebook.com/UKMedicalHealth/photos/a.1933022463614120/2569600566622970/?type=3,,1.33%,0.2834685419,283.4685419,,,
19/04/2020,Uttarakhand,3344,44,3046,255,,,,,,,https://m.facebook.com/UKMedicalHealth/photos/a.1933022463614120/2570573469859013/?type=3&source=48,,1.32%,0.3001642825,300.1642825,,,
20/04/2020,Uttarakhand,3677,46,3228,469,,,,,,,http://health.uk.gov.in/files/2020.04.20_Health_Bulletin.pdf,,1.25%,0.3300550439,330.0550439,,,
21/04/2020,Uttarakhand,4061,46,3445,570,,,,,,,http://health.uk.gov.in/files/2020.04.21_Health_Bulletin.pdf,,1.13%,0.3645236696,364.5236696,,,
22/04/2020,Uttarakhand,4275,46,3664,,,,856,498,189,,http://health.uk.gov.in/files/2020.04.22_Health_Bulletin_Summary.pdf,,1.08%,0.3837327475,383.7327475,,,
23/04/2020,Uttarakhand,4473,47,3879,265,,,,,,,http://health.uk.gov.in/files/2020.04.23_Health_Bulletin.pdf,,1.05%,0.4015056327,401.5056327,,,
24/04/2020,Uttarakhand,4767,48,4239,327,,,,,,,http://health.uk.gov.in/files/2020.04.24_Health_Bulletin.pdf,,1.01%,0.4278956742,427.8956742,,,
25/04/2020,Uttarakhand,5194,48,4423,411,,,,,,,https://twitter.com/ANI/status/1254054806567751680,,0.92%,0.466224068,466.224068,,,
26/04/2020,Uttarakhand,5277,50,4675,348,,,,,,,http://health.uk.gov.in/files/2020.04.26_Health_Bulletin.pdf,,0.95%,0.4736743178,473.6743178,,,
27/04/2020,Uttarakhand,5463,51,4912,299,,,,,,,http://health.uk.gov.in/files/2020.04.27_Health_Bulletin.pdf,,0.93%,0.4903700584,490.3700584,,,
28/04/2020,Uttarakhand,5739,52,5212,284,,,,,,,https://twitter.com/ANI/status/1255131631137943552?s=09,,0.91%,0.5151443831,515.1443831,,,
01/04/2020,West Bengal,659,37,568,54,,,,,,,https://www.wbhealth.gov.in/uploaded_files/corona/Bulletin_West_Bengal_01.04_.2020_.pdf,,5.61%,0.006679360086,6.679360086,98662146,,
04/04/2020,West Bengal,1042,,,,1125,786,,,,,,,0.00%,0.0105612947,10.5612947,,,
06/04/2020,West Bengal,1301,,,,246,,,,,,https://www.wbhealth.gov.in/uploaded_files/corona/Bulletin_West_Bengal_06.04_.2020(1)_.pdf,,0.00%,0.01318641498,13.18641498,,,
07/04/2020,West Bengal,1487,,,,262,,,,,,https://www.wbhealth.gov.in/uploaded_files/corona/Bulletin_West_Bengal_07.04_.2020_.pdf,,0.00%,0.01507163649,15.07163649,,,
09/04/2020,West Bengal,1889,,,,1723,1345,,,,26025,https://www.wbhealth.gov.in/uploaded_files/corona/Bulletin_West_Bengal_09.04_.2020_.pdf,,0.00%,0.0191461475,19.1461475,,,
10/04/2020,West Bengal,2095,,,,1840,1447,,,,27068,https://www.wbhealth.gov.in/uploaded_files/corona/Bulletin_West_Bengal_10.04_.2020_.pdf,,0.00%,0.021234081,21.234081,,,
11/04/2020,West Bengal,2286,126,,,,,,,,28021,https://www.wbhealth.gov.in/uploaded_files/corona/Bulletin_West_Bengal_11.04_.2020_.pdf,https://www.mohfw.gov.in/,5.51%,0.02316998051,23.16998051,,,
12/04/2020,West Bengal,2523,134,,,,,,,,29168,https://www.wbhealth.gov.in/uploaded_files/corona/Bulletin_West_Bengal_12.04_.2020_.pdf,https://www.mohfw.gov.in/,5.31%,0.0255721176,25.5721176,,,
13/04/2020,West Bengal,2793,152,,,,,,,,30221,https://www.wbhealth.gov.in/uploaded_files/corona/Bulletin_West_Bengal_13.04_.2020_.pdf,https://www.mohfw.gov.in/,5.44%,0.02830872947,28.30872947,,,
14/04/2020,West Bengal,3081,190,,,2395,1956,,,,31330,https://www.wbhealth.gov.in/uploaded_files/corona/Bulletin_West_Bengal_14.04_.2020_.pdf,https://www.mohfw.gov.in/,6.17%,0.03122778213,31.22778213,,,
15/04/2020,West Bengal,3470,213,,,,,,,,32417,https://www.wbhealth.gov.in/uploaded_files/corona/Bulletin_West_Bengal_15.04_.2020_.pdf,https://www.mohfw.gov.in/,6.14%,0.03517053035,35.17053035,,,
16/04/2020,West Bengal,3811,231,,,,,,,,33400,https://www.wbhealth.gov.in/uploaded_files/corona/Bulletin_West_Bengal_16.04_.2020_.pdf,https://www.mohfw.gov.in/,6.06%,0.03862676978,38.62676978,,,
17/04/2020,West Bengal,4212,255,,,,,,,,34424,https://www.wbhealth.gov.in/uploaded_files/corona/Bulletin_West_Bengal_17.04_.2020_.pdf,https://www.mohfw.gov.in/,6.05%,0.04269114519,42.69114519,,,
18/04/2020,West Bengal,4630,287,,,,,,,,35447,https://www.wbhealth.gov.in/uploaded_files/corona/Bulletin_West_Bengal_18.04_.2020_.pdf,https://www.mohfw.gov.in/,6.20%,0.04692782579,46.92782579,,,
19/04/2020,West Bengal,5045,310,,,,,,,,36487,https://www.wbhealth.gov.in/uploaded_files/corona/Bulletin_West_Bengal_19.04_.2020_.pdf,https://www.mohfw.gov.in/,6.14%,0.0511340996,51.1340996,,,
20/04/2020,West Bengal,5469,339,,,,,,,,37508,https://www.wbhealth.gov.in/uploaded_files/corona/Bulletin_West_Bengal_20.04_.2020_.pdf,https://www.mohfw.gov.in/,6.20%,0.05543159379,55.43159379,,,
21/04/2020,West Bengal,6182,392,,,,,,,,38554,https://www.wbhealth.gov.in/uploaded_files/corona/Bulletin_West_Bengal_21.04_.2020_.pdf,,6.34%,0.06265827626,62.65827626,,,
22/04/2020,West Bengal,7037,423,,,,,,,,39597,https://www.wbhealth.gov.in/uploaded_files/corona/Bulletin_West_Bengal_22.04_.2020_.pdf,https://www.mohfw.gov.in/,6.01%,0.07132421385,71.32421385,,,
23/04/2020,West Bengal,7990,456,,,,,,,,40605,https://www.wbhealth.gov.in/uploaded_files/corona/Bulletin_West_Bengal_23.04_.2020_.pdf,https://www.mohfw.gov.in/,5.71%,0.08098344019,80.98344019,,,
24/04/2020,West Bengal,8933,514,,,,,,,,41724,https://www.wbhealth.gov.in/uploaded_files/corona/Bulletin_West_Bengal_24.04_.2020_.pdf,https://www.mohfw.gov.in/,5.75%,0.09054131054,90.54131054,,,
25/04/2020,West Bengal,9880,571,,,,,,,,42858,https://www.wbhealth.gov.in/uploaded_files/corona/Bulletin_West_Bengal_25.04_.2020_.pdf,https://www.mohfw.gov.in/,5.78%,0.1001397233,100.1397233,,,
26/04/2020,West Bengal,10893,611,,,,,,,,43892,https://www.wbhealth.gov.in/uploaded_files/corona/Bulletin_West_Bengal_26.04_.2020_.pdf,https://www.mohfw.gov.in/,5.61%,0.1104070856,110.4070856,,,
27/04/2020,West Bengal,12043,649,,,,,,,,44954,https://www.wbhealth.gov.in/uploaded_files/corona/Bulletin_West_Bengal_27.04_.2020_.pdf,https://www.mohfw.gov.in/,5.39%,0.1220630251,122.0630251,,,
28/04/2020,West Bengal,13223,697,,,,,,,,45928,https://www.wbhealth.gov.in/uploaded_files/corona/Bulletin_West_Bengal_28.04_.2020_.pdf,https://www.mohfw.gov.in/,5.27%,0.1340230325,134.0230325,,,
29/04/2020,West Bengal,,,,,,,,,,,,,,,,,,